step,x,y,z,pitch,yaw,roll,speed_kmh,goal_distance,lane_deviation,lane_width
1,451.4493713378906,141.39854431152344,-0.026214731857180595,0.0,0.2347566783428192,0.0,0.6253905594352512,nan,0.12221509218215942,3.5
2,451.4493713378906,141.39854431152344,-0.027722490951418877,0.0,0.2347566783428192,0.0,0.39909258484849564,nan,0.12254735082387924,3.5
3,451.4493713378906,141.39854431152344,-0.028600329533219337,0.0,0.2347566783428192,0.0,0.21400651037704155,nan,0.12274891138076782,3.5
4,451.4493713378906,141.39854431152344,-0.028941478580236435,0.0,0.2347566783428192,0.0,0.055111522973902156,nan,0.12282884865999222,3.5
5,451.4493713378906,141.39854431152344,-0.028751544654369354,0.0,0.2347566783428192,0.0,0.07913149595424217,nan,0.12278423458337784,3.5
6,451.4493713378906,141.39854431152344,-0.02809484489262104,0.0,0.2347566783428192,0.0,0.18371641784907003,nan,0.12263212352991104,3.5
7,451.4493713378906,141.39854431152344,-0.027124157175421715,0.0,0.2347566783428192,0.0,0.2589635789398115,nan,0.12241338938474655,3.5
8,451.4493713378906,141.39854431152344,-0.025905627757310867,0.0,0.2347566783428192,0.0,0.31228734254844126,nan,0.12214916944503784,3.5
9,451.4493713378906,141.39854431152344,-0.02462533861398697,0.0,0.2347566783428192,0.0,0.34646525681025253,nan,0.1218840628862381,3.5
10,451.4493713378906,141.39854431152344,-0.023175105452537537,0.0,0.2347566783428192,0.0,0.3679522991180484,nan,0.12159935384988785,3.5
11,451.4493713378906,141.39854431152344,-0.021886348724365234,0.0,0.2347566783428192,0.0,0.3787108808756716,nan,0.12136033177375793,3.5
12,451.4493713378906,141.39854431152344,-0.02047872543334961,0.0,0.2347566783428192,0.0,0.3816887229682354,nan,0.12111438810825348,3.5
13,451.4493713378906,141.39854431152344,-0.019133128225803375,0.0,0.2347566783428192,0.0,0.379449212551272,nan,0.12089414149522781,3.5
14,451.4493713378906,141.39854431152344,-0.01783258467912674,0.0,0.2347566783428192,0.0,0.37292114496253986,nan,0.12069514393806458,3.5
15,451.4493713378906,141.39854431152344,-0.016559885814785957,0.0,0.2347566783428192,0.0,0.3630684256554817,nan,0.1205136775970459,3.5
16,451.4493713378906,141.39854431152344,-0.01512842159718275,0.0,0.2347566783428192,0.0,0.34754685759544784,nan,0.12032533437013626,3.5
17,451.4493713378906,141.39854431152344,-0.013588390313088894,0.0,0.2347566783428192,0.0,0.3271106243133835,nan,0.1201414242386818,3.5
18,451.4493713378906,141.39854431152344,-0.012159518897533417,0.0,0.2347566783428192,0.0,0.3073040932422206,nan,0.11998821049928665,3.5
19,451.4493713378906,141.39854431152344,-0.011051807552576065,0.0,0.2347566783428192,0.0,0.2925811529159555,nan,0.11988101899623871,3.5
20,451.4493713378906,141.39854431152344,-0.009957179427146912,0.0,0.2347566783428192,0.0,0.27310614287878116,nan,0.11978507041931152,3.5
21,451.4493713378906,141.39854431152344,-0.00904985424131155,0.0,0.2347566783428192,0.0,0.257896837592228,nan,0.11971306055784225,3.5
22,451.4493713378906,141.39854431152344,-0.008216075599193573,0.0,0.2347566783428192,0.0,0.24201266169558586,nan,0.11965291947126389,3.5
23,451.4493713378906,141.39854431152344,-0.007382831536233425,0.0,0.2347566783428192,0.0,0.2245932564142073,nan,0.11959859728813171,3.5
24,451.4493713378906,141.39854431152344,-0.006667194422334433,0.0,0.2347566783428192,0.0,0.21072425097228278,nan,0.11955654621124268,3.5
25,451.4493713378906,141.39854431152344,-0.0059682270511984825,0.0,0.2347566783428192,0.0,0.19523645192414063,nan,0.11951960623264313,3.5
26,451.4493713378906,141.39854431152344,-0.0052779195830225945,0.0,0.2347566783428192,0.0,0.17921724021467167,nan,0.11948712915182114,3.5
27,451.4493713378906,141.39854431152344,-0.004610462114214897,0.0,0.2347566783428192,0.0,0.16344868093730516,nan,0.11945950984954834,3.5
28,451.4493713378906,141.39854431152344,-0.004020862281322479,0.0,0.2347566783428192,0.0,0.15079415291649947,nan,0.11943820863962173,3.5
29,451.4493713378906,141.39854431152344,-0.0035018729977309704,0.0,0.2347566783428192,0.0,0.13941351324330947,nan,0.11942185461521149,3.5
30,451.4493713378906,141.39854431152344,-0.003039569826796651,0.0,0.2347566783428192,0.0,0.12884277999459431,nan,0.11940919607877731,3.5
31,451.4493713378906,141.39854431152344,-0.002606182126328349,0.0,0.2347566783428192,0.0,0.11789219230512003,nan,0.11939895153045654,3.5
32,451.4493713378906,141.39854431152344,-0.0022178839426487684,0.0,0.2347566783428192,0.0,0.10869538038992003,nan,0.11939110606908798,3.5
33,451.4493713378906,141.39854431152344,-0.0018367957090958953,0.0,0.2347566783428192,0.0,0.0977174811068631,nan,0.11938463896512985,3.5
34,451.4493713378906,141.39854431152344,-0.0014628791250288486,0.0,0.2347566783428192,0.0,0.0862526670124922,nan,0.11937946826219559,3.5
35,451.4493713378906,141.39854431152344,-0.0011017036158591509,0.0,0.2347566783428192,0.0,0.07449897900401053,nan,0.11937558650970459,3.5
36,451.4493713378906,141.39854431152344,-0.000809688528534025,0.0,0.2347566783428192,0.0,0.0719395078722733,nan,0.11937325447797775,3.5
37,451.4493713378906,141.39854431152344,-0.0005399894434958696,0.0,0.2347566783428192,0.0,0.06405755505044969,nan,0.11937172710895538,3.5
38,451.4493713378906,141.39854431152344,-0.0002950858906842768,0.0,0.2347566783428192,0.0,0.05729141458869459,nan,0.11937087029218674,3.5
39,451.4493713378906,141.39854431152344,-7.108688441803679e-05,0.0,0.2347566783428192,0.0,0.05048387758948783,nan,0.11937052756547928,3.5
40,451.4493713378906,141.39854431152344,0.00011476516374386847,0.0,0.2347566783428192,0.0,0.04910416605230616,nan,0.11937055736780167,3.5
41,451.4493713378906,141.39854431152344,0.0002943992440123111,0.0,0.2347566783428192,0.0,0.040499156721925285,nan,0.11937087029218674,3.5
42,451.4493713378906,141.39854431152344,0.000445919024059549,0.0,0.2347566783428192,0.0,0.04006559439717997,nan,0.11937133967876434,3.5
43,451.4493713378906,141.39854431152344,0.000579624145757407,0.0,0.2347566783428192,0.0,0.036888021607233173,nan,0.1193719133734703,3.5
44,451.4493713378906,141.39854431152344,0.00070669170236215,0.0,0.2347566783428192,0.0,0.02927344814916112,nan,0.11937259882688522,3.5
45,451.4493713378906,141.39854431152344,0.0008135414100252092,0.0,0.2347566783428192,0.0,0.03124939128780248,nan,0.11937327682971954,3.5
46,451.4493713378906,141.39854431152344,0.0009144782670773566,0.0,0.2347566783428192,0.0,0.024643003196650134,nan,0.11937400698661804,3.5
47,451.4493713378906,141.39854431152344,0.0010044288355857134,0.0,0.2347566783428192,0.0,0.023900361545461254,nan,0.11937472969293594,3.5
48,451.4493713378906,141.39854431152344,0.0010851096594706178,0.0,0.2347566783428192,0.0,0.020107624121014737,nan,0.11937543749809265,3.5
49,451.4493713378906,141.39854431152344,0.0011579704005271196,0.0,0.2347566783428192,0.0,0.019395435605274194,nan,0.11937612295150757,3.5
50,451.4493713378906,141.39854431152344,0.0012228202540427446,0.0,0.2347566783428192,0.0,0.016622073399474042,nan,0.1193767711520195,3.5
51,451.4493713378906,141.39854431152344,0.0012809562031179667,0.0,0.2347566783428192,0.0,0.01496456377432364,nan,0.11937737464904785,3.5
52,451.4493713378906,141.39854431152344,0.0013324928004294634,0.0,0.2347566783428192,0.0,0.0130185926334178,nan,0.11937794089317322,3.5
53,451.4493713378906,141.39854431152344,0.0013943671947345138,0.0,0.2347566783428192,0.0,0.00456646713611419,nan,0.11937864869832993,3.5
54,451.4493713378906,141.39854431152344,0.0013978385832160711,0.0,0.2347566783428192,0.0,0.0019795818090803685,nan,0.11937868595123291,3.5
55,451.4493713378906,141.39854431152344,0.0014030646998435259,0.0,0.2347566783428192,0.0,0.0016883927008515059,nan,0.11937875300645828,3.5
56,451.4493713378906,141.39854431152344,0.001417941995896399,0.0,0.2347566783428192,0.0,0.004466234253457897,nan,0.11937892436981201,3.5
57,451.4493713378906,141.39854431152344,0.001420421525835991,0.0,0.2347566783428192,0.0,0.0009518796659808325,nan,0.1193789541721344,3.5
58,451.4493713378906,141.39854431152344,0.0014317893655970693,0.0,0.2347566783428192,0.0,0.0030174635773845817,nan,0.11937908828258514,3.5
59,451.4493713378906,141.39854431152344,0.0014547157334163785,0.0,0.2347566783428192,0.0,0.00669223596932438,nan,0.11937936395406723,3.5
60,451.4493713378906,141.39854431152344,0.0014681434258818626,0.0,0.2347566783428192,0.0,0.0034751127563426624,nan,0.11937952786684036,3.5
61,451.4493713378906,141.39854431152344,0.0014655875274911523,0.0,0.2347566783428192,0.0,0.000149620394129903,nan,0.11937949806451797,3.5
62,451.4493713378906,141.39854431152344,0.0014816474867984653,0.0,0.2347566783428192,0.0,0.003856149455604236,nan,0.11937969923019409,3.5
63,451.4493713378906,141.39854431152344,0.0015078926226124167,0.0,0.2347566783428192,0.0,0.007036228013446553,nan,0.11938002705574036,3.5
64,451.4493713378906,141.39854431152344,0.001535129500553012,0.0,0.2347566783428192,0.0,0.007926498448117486,nan,0.11938037723302841,3.5
65,451.4493713378906,141.39854431152344,0.0015577125595882535,0.0,0.2347566783428192,0.0,0.006214244525173348,nan,0.11938066780567169,3.5
66,451.4493713378906,141.39854431152344,0.0015761374961584806,0.0,0.2347566783428192,0.0,0.00487724295824944,nan,0.1193809062242508,3.5
67,451.4493713378906,141.39854431152344,0.0015785025898367167,0.0,0.2347566783428192,0.0,0.0006994514320812199,nan,0.11938093602657318,3.5
68,451.4493713378906,141.39854431152344,0.0015872764633968472,0.0,0.2347566783428192,0.0,0.00210704030862806,nan,0.11938105523586273,3.5
69,451.4493713378906,141.39854431152344,0.0016008567763492465,0.0,0.2347566783428192,0.0,0.0032955721840536283,nan,0.11938124150037766,3.5
70,451.4493713378906,141.39854431152344,0.001613674103282392,0.0,0.2347566783428192,0.0,0.003100221650707361,nan,0.11938141286373138,3.5
71,451.4493713378906,141.39854431152344,0.001618938404135406,0.0,0.2347566783428192,0.0,0.001265676508869996,nan,0.11938147991895676,3.5
72,451.4493713378906,141.39854431152344,0.0016362571623176336,0.0,0.2347566783428192,0.0,0.00436231037749501,nan,0.11938171833753586,3.5
73,451.4493713378906,141.39854431152344,0.0016542243538424373,0.0,0.2347566783428192,0.0,0.004703727505956417,nan,0.11938196420669556,3.5
74,451.4493713378906,141.39854431152344,0.0016689109615981579,0.0,0.2347566783428192,0.0,0.0037919654534044,nan,0.11938217282295227,3.5
75,451.4493713378906,141.39854431152344,0.001687870011664927,0.0,0.2347566783428192,0.0,0.0055573824327877505,nan,0.11938243359327316,3.5
76,451.4493713378906,141.39854431152344,0.0016929054399952292,0.0,0.2347566783428192,0.0,0.0012564754735228424,nan,0.11938250809907913,3.5
77,451.4493713378906,141.39854431152344,0.0016968345735222101,0.0,0.2347566783428192,0.0,0.0009752254259229213,nan,0.11938256770372391,3.5
78,451.4493713378906,141.39854431152344,0.0017086982261389494,0.0,0.2347566783428192,0.0,0.00315027795740324,nan,0.11938273161649704,3.5
79,451.4493713378906,141.39854431152344,0.0017109108157455921,0.0,0.2347566783428192,0.0,0.0005685768268768838,nan,0.11938276141881943,3.5
80,451.4493713378906,141.39854431152344,0.0017109108157455921,0.0,0.2347566783428192,0.0,0.00018633842335536273,nan,0.11938276141881943,3.5
81,451.4493713378906,141.39854431152344,0.0017253684345632792,0.0,0.2347566783428192,0.0,0.0038692989852935704,nan,0.11938297003507614,3.5
82,451.4493713378906,141.39854431152344,0.0017329215770587325,0.0,0.2347566783428192,0.0,0.001965076433517678,nan,0.1193830817937851,3.5
83,451.4493713378906,141.39854431152344,0.0017329215770587325,0.0,0.2347566783428192,0.0,0.0,nan,0.1193830817937851,3.5
84,451.4493713378906,141.39854431152344,0.0017386818071827292,0.0,0.2347566783428192,0.0,0.0009412708851931009,nan,0.11938316375017166,3.5
85,451.4493713378906,141.39854431152344,0.0017426871927455068,0.0,0.2347566783428192,0.0,0.001080934533928009,nan,0.11938322335481644,3.5
86,451.4493713378906,141.39854431152344,0.0017474937485530972,0.0,0.2347566783428192,0.0,0.001319303494598593,nan,0.1193832978606224,3.5
87,451.4493713378906,141.39854431152344,0.001741542830131948,0.0,0.2347566783428192,0.0,0.001356760021714939,nan,0.11938320845365524,3.5
88,451.4493713378906,141.39854431152344,0.0017430305015295744,0.0,0.2347566783428192,0.0,0.0004006061498144854,nan,0.11938323080539703,3.5
89,451.4493713378906,141.39854431152344,0.0017347526736557484,0.0,0.2347566783428192,0.0,0.0018156107516241011,nan,0.11938311159610748,3.5
90,451.4493713378906,141.39854431152344,0.0017268562223762274,0.0,0.2347566783428192,0.0,0.0016964950017056871,nan,0.11938299238681793,3.5
91,451.44940185546875,141.39854431152344,0.001718654646538198,0.0,0.2347566783428192,0.0,0.013169572861343985,nan,0.11938275396823883,3.5
92,451.4533386230469,141.3988494873047,0.0016872214619070292,0.005354868248105049,0.2487354874610901,-0.0019836423452943563,1.1482434905571788,nan,0.11967231333255768,3.5
93,451.4622802734375,141.3995361328125,0.0016246986342594028,0.015033245086669922,0.27981114387512207,-0.005462646950036287,2.2132830607533585,nan,0.12032739073038101,3.5
94,451.4755859375,141.400634765625,0.0015490531222894788,0.02613230235874653,0.3278665244579315,-0.009613037109375,3.1002758809628523,nan,0.12136390060186386,3.5
95,451.48974609375,141.40174865722656,0.0015038871206343174,0.03544184938073158,0.38251590728759766,-0.012481689453125,3.723197726320429,nan,0.12241621315479279,3.5
96,451.504638671875,141.4029998779297,0.0014716529985889792,0.04365856572985649,0.434251070022583,-0.015289309434592724,4.352730621421815,nan,0.12360591441392899,3.5
97,451.5203552246094,141.40435791015625,0.0014459037920460105,0.050618529319763184,0.4887353777885437,-0.017608636990189552,4.766731418591716,nan,0.12490250915288925,3.5
98,451.5412902832031,141.40618896484375,0.0014033698244020343,0.057578492909669876,0.561840832233429,-0.0198974572122097,5.196087739612397,nan,0.12665678560733795,3.5
99,451.5660400390625,141.4084014892578,0.0013564490946009755,0.06337732076644897,0.651295006275177,-0.0218200646340847,5.571402550192359,nan,0.12876184284687042,3.5
100,451.5899658203125,141.4105987548828,0.0013357733841985464,0.06740713119506836,0.7307358384132385,-0.02307128719985485,5.923838720277436,nan,0.13085195422172546,3.5
101,451.6134338378906,141.4127960205078,0.0013285636669024825,0.06996162235736847,0.8105709552764893,-0.02386474423110485,6.16890656443193,nan,0.13295747339725494,3.5
102,451.6369323730469,141.41502380371094,0.0013282966101542115,0.07155989110469818,0.8899123668670654,-0.0244140625,6.402887090612666,nan,0.13509370386600494,3.5
103,451.6663513183594,141.41786193847656,0.0013132286258041859,0.07209264487028122,0.989740788936615,-0.024658203125,6.59703772128165,nan,0.13780947029590607,3.5
104,451.6953430175781,141.4207000732422,0.0013118934584781528,0.07179894298315048,1.0880720615386963,-0.02471923828125,6.791889043176552,nan,0.14052538573741913,3.5
105,451.72412109375,141.42356872558594,0.001318759866990149,0.07089053094387054,1.1857393980026245,-0.02465820126235485,6.967083050048012,nan,0.1432720124721527,3.5
106,451.7519836425781,141.42637634277344,0.00133256905246526,0.06966792792081833,1.2801551818847656,-0.02450561337172985,7.128376104323235,nan,0.14597280323505402,3.5
107,451.78363037109375,141.4296417236328,0.0013378715375438333,0.06776230037212372,1.3875502347946167,-0.0242309533059597,7.262281293976123,nan,0.1491008847951889,3.5
108,451.81561279296875,141.43299865722656,0.0013474082807078958,0.06557664275169373,1.4961481094360352,-0.0238952599465847,7.394117517847481,nan,0.15233567357063293,3.5
109,451.8489990234375,141.43655395507812,0.0013564109103754163,0.06307679414749146,1.6095860004425049,-0.02349853329360485,7.513176642973407,nan,0.15575368702411652,3.5
110,451.88037109375,141.43995666503906,0.0013751030201092362,0.060740869492292404,1.7160823345184326,-0.02316284365952015,7.635294736568651,nan,0.1590190827846527,3.5
111,451.920654296875,141.4444122314453,0.0013612937182188034,0.05731894448399544,1.8530545234680176,-0.02255248837172985,7.713128429567137,nan,0.1633218675851822,3.5
112,451.9537048339844,141.44813537597656,0.0013858985621482134,0.05480543524026871,1.965264916419983,-0.02221679501235485,7.835832566504577,nan,0.16690774261951447,3.5
113,451.98638916015625,141.45188903808594,0.001410159980878234,0.05244218930602074,2.0761799812316895,-0.021911615505814552,7.938697866633758,nan,0.1705242395401001,3.5
114,452.0216369628906,141.45599365234375,0.0014265250647440553,0.049956001341342926,2.1956698894500732,-0.0215759240090847,8.029111177543347,nan,0.1744762361049652,3.5
115,452.0597229003906,141.46051025390625,0.0014343070797622204,0.047278568148612976,2.3249800205230713,-0.02120971493422985,8.110825583700043,nan,0.1788402497768402,3.5
116,452.0956115722656,141.46484375,0.001452007214538753,0.044983621686697006,2.446741819381714,-0.02090453915297985,8.20366764285754,nan,0.18303640186786652,3.5
117,452.1296691894531,141.46905517578125,0.0014740180922672153,0.042982377111911774,2.562290906906128,-0.0206909142434597,8.295502768911033,nan,0.1870952546596527,3.5
118,452.16217041015625,141.4730987548828,0.001497402205131948,0.04126117005944252,2.6722793579101562,-0.02056884579360485,8.384881180445799,nan,0.19101691246032715,3.5
119,452.192138671875,141.47689819335938,0.0015220833010971546,0.039833661168813705,2.7734200954437256,-0.020477289333939552,8.471725145296096,nan,0.19469432532787323,3.5
120,452.2223815917969,141.48077392578125,0.0015428733313456178,0.03850177302956581,2.875614643096924,-0.02041625790297985,8.552071714654693,nan,0.19844813644886017,3.5
121,452.2526550292969,141.48472595214844,0.0015611457638442516,0.037272341549396515,2.9777579307556152,-0.020355224609375,8.629038120382223,nan,0.20226283371448517,3.5
122,452.2829284667969,141.4887237548828,0.001577091170474887,0.03609754890203476,3.0799567699432373,-0.0203247033059597,8.70288151778911,nan,0.20613867044448853,3.5
123,452.31451416015625,141.49295043945312,0.0015886496985331178,0.034936416894197464,3.1868464946746826,-0.0202636681497097,8.773829755960223,nan,0.21024321019649506,3.5
124,452.34625244140625,141.4972686767578,0.0015988730592653155,0.03381626307964325,3.2940518856048584,-0.02023315615952015,8.842970035081251,nan,0.2144242823123932,3.5
125,452.3821105957031,141.502197265625,0.0015994834247976542,0.032559510320425034,3.415346145629883,-0.02014159969985485,8.906238330976752,nan,0.21921537816524506,3.5
126,452.423828125,141.508056640625,0.0015834617661312222,0.03098856657743454,3.5566062927246094,-0.01995849423110485,8.957519912098777,nan,0.22489146888256073,3.5
127,452.46392822265625,141.51376342773438,0.0015796470688655972,0.029547397047281265,3.6925995349884033,-0.0197753868997097,9.02114523336388,nan,0.23044545948505402,3.5
128,452.4966735839844,141.5184783935547,0.001596164656803012,0.02855701930820942,3.803347110748291,-0.01974487118422985,9.096679675931748,nan,0.23502306640148163,3.5
129,452.5299072265625,141.52334594726562,0.0016094779130071402,0.027634944766759872,3.915816068649292,-0.0197448693215847,9.163816506426,nan,0.2397533506155014,3.5
130,452.5657653808594,141.52867126464844,0.0016160011291503906,0.026706038042902946,4.037175178527832,-0.01974487118422985,9.228172713191944,nan,0.2449261099100113,3.5
131,452.60302734375,141.53428649902344,0.0016189765883609653,0.02580445259809494,4.163291931152344,-0.01974487118422985,9.290597330236979,nan,0.25038886070251465,3.5
132,452.6343688964844,141.5390625,0.0016334342071786523,0.025135094299912453,4.269172668457031,-0.01977538876235485,9.355650217083237,nan,0.25502750277519226,3.5
133,452.67437744140625,141.54525756835938,0.0016275596572086215,0.024288151413202286,4.4048919677734375,-0.01983642391860485,9.41545993236136,nan,0.2610698938369751,3.5
134,452.8172912597656,141.56809997558594,0.0015671729343011975,0.02085256576538086,4.889941215515137,-0.01950073055922985,9.561485794801087,nan,0.28331664204597473,3.5
135,452.8544921875,141.57421875,0.0015902519226074219,0.02023101970553398,5.015809535980225,-0.01956176571547985,9.642027104014677,nan,0.2892829477787018,3.5
136,452.89605712890625,141.58119201660156,0.001600131974555552,0.019629962742328644,5.156638145446777,-0.0196533203125,9.707230123113826,nan,0.2960883677005768,3.5
137,452.9317626953125,141.58726501464844,0.0016269492916762829,0.019636793062090874,5.277551651000977,-0.0186157189309597,9.776592902005738,nan,0.3020089268684387,3.5
138,452.9684143066406,141.5935516357422,0.0016779517754912376,0.021426301449537277,5.401610374450684,-0.013031005859375,9.839982755657472,nan,0.30814307928085327,3.5
139,453.0100402832031,141.60081481933594,0.0017326927045360208,0.023844189941883087,5.542816638946533,-0.006591796409338713,9.902559952802338,nan,0.31523868441581726,3.5
140,453.04998779296875,141.60789489746094,0.0017805289244279265,0.02540147304534912,5.678244590759277,-0.0029296877328306437,9.96636792260316,nan,0.32216641306877136,3.5
141,453.0866394042969,141.61447143554688,0.001829776680096984,0.026706038042902946,5.802378177642822,-0.0020141606219112873,10.027920948232774,nan,0.32859060168266296,3.5
142,453.120849609375,141.62069702148438,0.00187597272451967,0.027792038396000862,5.91867208480835,-0.002105712890625,10.08673535486378,nan,0.33467909693717957,3.5
143,453.1567077636719,141.62728881835938,0.001912670093588531,0.02858434058725834,6.040527820587158,-0.002227783203125,10.145379475125988,nan,0.3411184847354889,3.5
144,453.1940002441406,141.6342315673828,0.0019404410850256681,0.029069283977150917,6.167619705200195,-0.0023803708609193563,10.203981809090685,nan,0.34790876507759094,3.5
145,453.22906494140625,141.6408233642578,0.001965389121323824,0.029322000220417976,6.286883354187012,-0.0025634763296693563,10.259102638729502,nan,0.3543480932712555,3.5
146,453.2653503417969,141.64773559570312,0.0019836234860122204,0.029424453154206276,6.410557746887207,-0.0027770993765443563,10.314265624970762,nan,0.36112290620803833,3.5
147,453.3017883300781,141.6547393798828,0.0019978140480816364,0.029417622834444046,6.534618854522705,-0.003082275390625,10.36840814278658,nan,0.3679741621017456,3.5
148,453.338623046875,141.6619110107422,0.0020079994574189186,0.029349321499466896,6.660096168518066,-0.0034484860952943563,10.421983505518389,nan,0.374993234872818,3.5
149,453.3758544921875,141.6692352294922,0.0020150565542280674,0.029192226007580757,6.787010669708252,-0.0038146967999637127,10.475067878990883,nan,0.382164865732193,3.5
150,453.4102783203125,141.67608642578125,0.002024364424869418,0.029028302058577538,6.904365539550781,-0.004180908203125,10.5243634893614,nan,0.3888787627220154,3.5
151,453.4461669921875,141.68331909179688,0.00202909461222589,0.02881656587123871,7.026864051818848,-0.004577635787427425,10.574518620038907,nan,0.395958811044693,3.5
152,453.4828796386719,141.69078063964844,0.0020309637766331434,0.02858434058725834,7.152019023895264,-0.004974364768713713,10.62485497986763,nan,0.4032677412033081,3.5
153,453.5195617675781,141.69833374023438,0.0020317649468779564,0.02833845280110836,7.277236461639404,-0.005401611328125,10.674492811935675,nan,0.4106682538986206,3.5
154,453.5550537109375,141.70571899414062,0.0020336341112852097,0.0280857365578413,7.398458957672119,-0.005798339378088713,10.722059960008647,nan,0.4179161489009857,3.5
155,453.5967102050781,141.71446228027344,0.002022609580308199,0.027792038396000862,7.540430068969727,-0.006256103981286287,10.77615329502675,nan,0.42649149894714355,3.5
156,453.6334533691406,141.72227478027344,0.0020227241329848766,0.027505170553922653,7.665877819061279,-0.006683350075036287,10.824012611639638,nan,0.43415138125419617,3.5
157,453.672607421875,141.73068237304688,0.0020179939456284046,0.027218302711844444,7.799308776855469,-0.007110595703125,10.873893478494884,nan,0.4423910677433014,3.5
158,453.71051025390625,141.73890686035156,0.0020156288519501686,0.026965584605932236,7.92874002456665,-0.007507323753088713,10.921947176626595,nan,0.4504629671573639,3.5
159,453.7469482421875,141.7469024658203,0.0020162772852927446,0.026733359321951866,8.053147315979004,-0.0078125,10.967834544162137,nan,0.45830607414245605,3.5
160,453.79046630859375,141.75657653808594,0.002002506284043193,0.026487471535801888,8.201838493347168,-0.008117674849927425,11.021183835543766,nan,0.467812180519104,3.5
161,453.8297424316406,141.765380859375,0.0020009803120046854,0.026296226307749748,8.335997581481934,-0.008361817337572575,11.069267976519098,nan,0.4764486253261566,3.5
162,453.8684387207031,141.77415466308594,0.002000560751184821,0.02610498107969761,8.468226432800293,-0.008575439453125,11.11634770963581,nan,0.4850698411464691,3.5
163,453.9056091308594,141.7826690673828,0.0020029640290886164,0.02596154808998108,8.595211029052734,-0.008758543990552425,11.16130508161768,nan,0.49343162775039673,3.5
164,453.94586181640625,141.79197692871094,0.001999912317842245,0.02581128291785717,8.73274040222168,-0.008941650390625,11.209320645428143,nan,0.5025715827941895,3.5
165,453.990234375,141.8023681640625,0.001988849602639675,0.02565418928861618,8.884525299072266,-0.009124755859375,11.261372824315998,nan,0.5127797722816467,3.5
166,454.03179931640625,141.8122100830078,0.00198675156570971,0.02551758475601673,9.026718139648438,-0.009307860396802425,11.309796506371972,nan,0.522453784942627,3.5
167,454.07745361328125,141.82315063476562,0.0019765282049775124,0.0253741517663002,9.18309497833252,-0.009490966796875,11.36136519889529,nan,0.5331960320472717,3.5
168,454.1192932128906,141.83328247070312,0.001977138454094529,0.025244377553462982,9.326383590698242,-0.009643555618822575,11.409364603589053,nan,0.5431600213050842,3.5
169,454.1644287109375,141.84432983398438,0.001971454592421651,0.025121433660387993,9.481191635131836,-0.009826661087572575,11.459610442942664,nan,0.5540242195129395,3.5
170,454.20611572265625,141.85464477539062,0.001974391983821988,0.025018980726599693,9.623880386352539,-0.009979247115552425,11.506997314942511,nan,0.5641714334487915,3.5
171,454.2521057128906,141.8661651611328,0.0019687460735440254,0.024896038696169853,9.781583786010742,-0.0101318359375,11.557461562555059,nan,0.5755086541175842,3.5
172,454.3006591796875,141.87844848632812,0.0019590568263083696,0.024766264483332634,9.948070526123047,-0.010314940474927425,11.608316555623919,nan,0.5875784158706665,3.5
173,454.34991455078125,141.89108276367188,0.0019507026299834251,0.024643320590257645,10.117281913757324,-0.010467529296875,11.65915371097184,nan,0.6000143885612488,3.5
174,454.40185546875,141.904541015625,0.001938457484357059,0.024513548240065575,10.295512199401855,-0.0106201171875,11.709661959463213,nan,0.6132588982582092,3.5
175,454.4637145996094,141.92080688476562,0.0018966865027323365,0.024219850078225136,10.507318496704102,-0.01071167178452015,11.742195251942979,nan,0.6292805075645447,3.5
176,454.517578125,141.93516540527344,0.0018958472646772861,0.024035435169935226,10.691922187805176,-0.010833741165697575,11.804666817510933,nan,0.6434102654457092,3.5
177,454.56451416015625,141.9478302001953,0.00191240303684026,0.023939812555909157,10.853181838989258,-0.011016845703125,11.866496290074561,nan,0.6558920741081238,3.5
178,454.61578369140625,141.96180725097656,0.0019175529014319181,0.023871509358286858,11.029311180114746,-0.011230469681322575,11.92045408003182,nan,0.6696556210517883,3.5
179,454.66265869140625,141.9747314453125,0.001931858016178012,0.023816868662834167,11.190485954284668,-0.011474609375,11.974339494737452,nan,0.6823815703392029,3.5
180,454.71820068359375,141.990234375,0.0019235038198530674,0.023748567327857018,11.381769180297852,-0.011688232421875,12.02653947371845,nan,0.6976556181907654,3.5
181,454.76507568359375,142.00347900390625,0.0019382666796445847,0.023721246048808098,11.543354988098145,-0.011901856400072575,12.081001614733335,nan,0.7107172012329102,3.5
182,454.8269348144531,142.02117919921875,0.00191015237942338,0.0236187931150198,11.756523132324219,-0.012054444290697575,12.12796914354984,nan,0.7281580567359924,3.5
183,454.8679504394531,142.03305053710938,0.0019371223170310259,0.02359147183597088,11.897966384887695,-0.01226806640625,12.184197002262877,nan,0.7398616075515747,3.5
184,454.9181823730469,142.04771423339844,0.0019454383291304111,0.02357781119644642,12.07126235961914,-0.01251220516860485,12.237228581219576,nan,0.754311740398407,3.5
185,454.9599609375,142.06004333496094,0.0019658850505948067,0.02355732023715973,12.2153959274292,-0.012695313431322575,12.281206522843899,nan,0.7664732336997986,3.5
186,455.0041809082031,142.07322692871094,0.001979389227926731,0.02355732023715973,12.368202209472656,-0.012908936478197575,12.326837301940191,nan,0.7794737815856934,3.5
187,455.04498291015625,142.08547973632812,0.0019948005210608244,0.02355732023715973,12.509329795837402,-0.013092041015625,12.36838531944115,nan,0.7915588617324829,3.5
188,455.08843994140625,142.09866333007812,0.002004108391702175,0.02354366146028042,12.659570693969727,-0.013275147415697575,12.41201021427203,nan,0.8045746684074402,3.5
189,455.1336364746094,142.1125030517578,0.002008953131735325,0.02353000082075596,12.815999031066895,-0.01345825009047985,12.456842552398374,nan,0.8182314038276672,3.5
190,455.17626953125,142.12570190429688,0.002016429789364338,0.02349584922194481,12.963772773742676,-0.013610838912427425,12.498690338067043,nan,0.8312472701072693,3.5
191,455.22686767578125,142.14149475097656,0.0020082283299416304,0.02348218858242035,13.139017105102539,-0.01382446475327015,12.547718944766013,nan,0.8468265533447266,3.5
192,455.2773742675781,142.1574249267578,0.0020020485389977694,0.02344803884625435,13.31409740447998,-0.014007572084665298,12.596105343521934,nan,0.8625584244728088,3.5
193,455.3382568359375,142.17684936523438,0.0019686317536979914,0.02340022660791874,13.525280952453613,-0.014221190474927425,12.653721902503209,nan,0.8817387223243713,3.5
194,455.40185546875,142.1974334716797,0.0019354820251464844,0.02333875559270382,13.746272087097168,-0.014434813521802425,12.713162579510179,nan,0.9020482301712036,3.5
195,455.47003173828125,142.21975708007812,0.0019637870136648417,0.02327045239508152,13.983207702636719,-0.014678954146802425,12.776173060931965,nan,0.9240973591804504,3.5
196,455.51873779296875,142.2358856201172,0.0019734762609004974,0.0232089813798666,14.152643203735352,-0.014862060546875,12.820680981601008,nan,0.9400275945663452,3.5
197,455.5602111816406,142.249755859375,0.0019911383278667927,0.02317482978105545,14.297080039978027,-0.015014649368822575,12.85830667809387,nan,0.9537301659584045,3.5
198,455.60888671875,142.2661590576172,0.001995677826926112,0.02311335876584053,14.466625213623047,-0.01516723446547985,12.902112745769502,nan,0.9699351191520691,3.5
199,455.65533447265625,142.281982421875,0.0020029640290886164,0.02305188775062561,14.628604888916016,-0.015319825150072575,12.943606669284808,nan,0.9855601787567139,3.5
200,455.7040100097656,142.29872131347656,0.0020050620660185814,0.02300407551229,14.798551559448242,-0.0155029296875,12.986784238785724,nan,1.002100944519043,3.5
201,455.7519836425781,142.3153839111328,0.002021579770371318,0.022321056574583054,14.966065406799316,-0.014343262650072575,13.02816896065909,nan,1.01856529712677,3.5
202,455.80517578125,142.33399963378906,0.00209325784817338,0.018707886338233948,15.151732444763184,-0.007568359375,13.072980200205777,nan,1.0369676351547241,3.5
203,455.8544921875,142.3514404296875,0.002141704550012946,0.016829585656523705,15.323921203613281,-0.005126952659338713,13.11578387837897,nan,1.0542103052139282,3.5
204,455.9066162109375,142.37008666992188,0.002175235655158758,0.015415736474096775,15.506404876708984,-0.0036621096078306437,13.160780909342787,nan,1.0726430416107178,3.5
205,455.9630126953125,142.3904571533203,0.002192859537899494,0.014384377747774124,15.703920364379883,-0.00286865234375,13.208999409371335,nan,1.0927848815917969,3.5
206,456.014404296875,142.40919494628906,0.0022149085998535156,0.013756000436842442,15.884178161621094,-0.0025634767953306437,13.252599651862065,nan,1.1113090515136719,3.5
207,456.0607604980469,142.42625427246094,0.0022383308969438076,0.013366679660975933,16.046911239624023,-0.0025329587515443563,13.29165030485323,nan,1.1281702518463135,3.5
208,456.1050720214844,142.4427032470703,0.0022582816891372204,0.013120792806148529,16.20261573791504,-0.002624511020258069,13.328738651039851,nan,1.1444363594055176,3.5
209,456.15478515625,142.46131896972656,0.002265872899442911,0.012963698245584965,16.37746238708496,-0.002838134765625,13.370075485017015,nan,1.162853717803955,3.5
210,456.2082214355469,142.48153686523438,0.0022665595170110464,0.01273147203028202,16.565692901611328,-0.00341796875,13.414250188904486,nan,1.1828582286834717,3.5
211,456.2625427246094,142.5022430419922,0.0022665977012366056,0.012506076134741306,16.756820678710938,-0.004180908668786287,13.45872858855651,nan,1.2033356428146362,3.5
212,456.3157043457031,142.52273559570312,0.002267703879624605,0.012376301921904087,16.944324493408203,-0.004791260231286287,13.50199476713222,nan,1.2236146926879883,3.5
213,456.3703308105469,142.54400634765625,0.0022641944233328104,0.012314829975366592,17.13731575012207,-0.005401611328125,13.54616121789734,nan,1.2446566820144653,3.5
214,456.4197692871094,142.5634307861328,0.00227075582370162,0.012287509627640247,17.311851501464844,-0.005859375,13.585787553658681,nan,1.2638828754425049,3.5
215,456.4674072265625,142.58230590820312,0.002278766594827175,0.012246528640389442,17.480525970458984,-0.006225584540516138,13.623805377393975,nan,1.2825597524642944,3.5
216,456.59136962890625,142.63218688964844,0.002234287327155471,0.012103094719350338,17.919675827026367,-0.006958007346838713,13.721552231457903,nan,1.331937551498413,3.5
217,456.6426086425781,142.6531219482422,0.0022447777446359396,0.012027962133288383,18.101537704467773,-0.007202148903161287,13.761528496060626,nan,1.3526591062545776,3.5
218,456.69287109375,142.673828125,0.0022546194959431887,0.011946000158786774,18.28017807006836,-0.007415772415697575,13.800512704120813,nan,1.3731517791748047,3.5
219,456.7412109375,142.69390869140625,0.002265720395371318,0.011864038184285164,18.452016830444336,-0.007598876953125,13.837753593780842,nan,1.3930341005325317,3.5
220,456.79486083984375,142.71641540527344,0.0022653769701719284,0.011761585250496864,18.64314842224121,-0.0078125,13.87887716920466,nan,1.4153274297714233,3.5
221,456.8458557128906,142.73797607421875,0.0022701453417539597,0.011665962636470795,18.824831008911133,-0.008026123046875,13.91767970854224,nan,1.43667471408844,3.5
222,456.8955078125,142.75914001464844,0.0022760580759495497,0.011563509702682495,19.00200653076172,-0.008209229446947575,13.95525460893442,nan,1.4576404094696045,3.5
223,456.9407958984375,142.7786407470703,0.0022868537344038486,0.011481547728180885,19.163875579833984,-0.008361817337572575,13.98935807567727,nan,1.476958155632019,3.5
224,456.9854736328125,142.79800415039062,0.002295856364071369,0.011385925114154816,19.323728561401367,-0.008544922806322575,14.022825101501178,nan,1.496138572692871,3.5
225,457.0328674316406,142.81869506835938,0.002299632877111435,0.011276641860604286,19.493391036987305,-0.008697510696947575,14.05811933746358,nan,1.5166313648223877,3.5
226,457.0749206542969,142.8372039794922,0.002308711875230074,0.011194679886102676,19.644084930419922,-0.00885009765625,14.089276429025421,nan,1.5349571704864502,3.5
227,457.1208190917969,142.85752868652344,0.0023114585783332586,0.011099056340754032,19.80865478515625,-0.009002684615552425,14.123090539467604,nan,1.5550990104675293,3.5
228,457.1670227050781,142.878173828125,0.002313060685992241,0.010989774018526077,19.974653244018555,-0.0091552734375,14.156986901371598,nan,1.575561285018921,3.5
229,457.2137756347656,142.89920043945312,0.0023131370544433594,0.010887321084737778,20.142602920532227,-0.00933837890625,14.191062047268018,nan,1.5963895320892334,3.5
230,457.2597961425781,142.9200897216797,0.002313900040462613,0.010784868150949478,20.308334350585938,-0.009490966796875,14.224476396139643,nan,1.6170958280563354,3.5
231,457.3123779296875,142.94412231445312,0.0023030280135571957,0.010661924257874489,20.497743606567383,-0.009674072265625,14.262405149307465,nan,1.6409149169921875,3.5
232,457.36181640625,142.96690368652344,0.002299938118085265,0.010545811615884304,20.676002502441406,-0.009826661087572575,14.297856667026673,nan,1.663482904434204,3.5
233,457.4068908691406,142.98785400390625,0.00230344757437706,0.010443358682096004,20.838899612426758,-0.009979248046875,14.33004741807799,nan,1.6842503547668457,3.5
234,457.4537048339844,143.009765625,0.0023039435036480427,0.010334075428545475,21.00814437866211,-0.0101318359375,14.363287615472377,nan,1.7059789896011353,3.5
235,457.51776123046875,143.0400390625,0.0022649955935776234,0.01018381118774414,21.240127563476562,-0.010345459915697575,14.408506358528156,nan,1.7359780073165894,3.5
236,457.5777282714844,143.06866455078125,0.002247447846457362,0.010040377266705036,21.457664489746094,-0.010528564453125,14.450550403297939,nan,1.7356421947479248,3.5
237,457.6513977050781,143.10418701171875,0.0022587012499570847,0.009862792678177357,21.725418090820312,-0.010803221724927425,14.501851270445044,nan,1.7004246711730957,3.5
238,457.71441650390625,143.13490295410156,0.0022350118961185217,0.009712528437376022,21.9547119140625,-0.010986329056322575,14.545385339805012,nan,1.6699678897857666,3.5
239,457.78741455078125,143.17088317871094,0.002251224359497428,0.009528113529086113,22.221027374267578,-0.01123046875,14.595496623064035,nan,1.6342772245407104,3.5
240,457.8470153808594,143.2006072998047,0.00223852158524096,0.009384679608047009,22.43895721435547,-0.01141357421875,14.636145489458748,nan,1.604797124862671,3.5
241,457.92303466796875,143.23886108398438,0.002249812940135598,0.0092002646997571,22.71722412109375,-0.011688232421875,14.687591905520343,nan,1.5668634176254272,3.5
242,457.979248046875,143.26747131347656,0.0022452734410762787,0.00906366016715765,22.923410415649414,-0.011840821243822575,14.725382227418407,nan,1.5384819507598877,3.5
243,458.0400695800781,143.29869079589844,0.002231273567304015,0.008913395926356316,23.146860122680664,-0.012054443359375,14.766022884938604,nan,1.507506251335144,3.5
244,458.09527587890625,143.32728576660156,0.0022328756749629974,0.008776792325079441,23.34996223449707,-0.012237547896802425,14.802688172714658,nan,1.4791401624679565,3.5
245,458.1667175292969,143.3646697998047,0.0021896171383559704,0.008599207736551762,23.61330795288086,-0.012451170943677425,14.84984225524289,nan,1.4420456886291504,3.5
246,458.2252502441406,143.39561462402344,0.0021947287023067474,0.008455773815512657,23.82962989807129,-0.012634276412427425,14.888247290579285,nan,1.4113447666168213,3.5
247,458.275390625,143.4223175048828,0.0022127723786979914,0.008326000533998013,24.01512908935547,-0.012786866165697575,14.920956568303568,nan,1.3848552703857422,3.5
248,458.3216552734375,143.44715881347656,0.0022314642556011677,0.008216717280447483,24.18669319152832,-0.01293945126235485,14.95102536100831,nan,1.3601970672607422,3.5
249,458.3734130859375,143.47512817382812,0.0022394752595573664,0.008086943998932838,24.37874984741211,-0.01312255859375,14.984474304839269,nan,1.332440972328186,3.5
250,458.41943359375,143.50022888183594,0.0022529028356075287,0.007970830425620079,24.5499324798584,-0.013275145553052425,15.014103853939762,nan,1.3075233697891235,3.5
251,458.4651794433594,143.52529907226562,0.002264003735035658,0.00785471685230732,24.720073699951172,-0.013397215865552425,15.043383443921815,nan,1.2826513051986694,3.5
252,458.50885009765625,143.54940795898438,0.0022744941525161266,0.0077454340644180775,24.8828125,-0.013549803756177425,15.071230389318302,nan,1.2587101459503174,3.5
253,458.567138671875,143.5818634033203,0.002258358057588339,0.007602000143378973,25.100505828857422,-0.01373291015625,15.108240209301812,nan,1.2264986038208008,3.5
254,458.6355895996094,143.620361328125,0.0022160911466926336,0.007424415089190006,25.35665512084961,-0.013946533203125,15.15143602197553,nan,1.1882749795913696,3.5
255,458.68487548828125,143.6483154296875,0.0022277641110122204,0.007308301981538534,25.541519165039062,-0.014099122025072575,15.182376311631023,nan,1.160534381866455,3.5
256,458.7389831542969,143.6792449951172,0.0022290991619229317,0.00717169838026166,25.74472427368164,-0.0142822265625,15.21617438014579,nan,1.1298182010650635,3.5
257,458.7945251464844,143.7112579345703,0.0022269629407674074,0.007035094313323498,25.95368003845215,-0.014434813521802425,15.25069081849481,nan,1.0980339050292969,3.5
258,458.84515380859375,143.7406768798828,0.002233104547485709,0.006905321031808853,26.144685745239258,-0.01461792178452015,15.282034161053973,nan,1.0688284635543823,3.5
259,458.9010009765625,143.77337646484375,0.002228260040283203,0.006768716964870691,26.355545043945312,-0.01477050967514515,15.316406671250093,nan,1.0363575220108032,3.5
260,458.9488830566406,143.80160522460938,0.0022366903722286224,0.006645773537456989,26.53660011291504,-0.014923095703125,15.34572922559244,nan,1.0083268880844116,3.5
261,458.99798583984375,143.83079528808594,0.002241153735667467,0.006522830110043287,26.72268295288086,-0.01507568545639515,15.375687314427797,nan,0.9793350696563721,3.5
262,459.0462646484375,143.85968017578125,0.0022453879937529564,0.006399886682629585,26.90596580505371,-0.015228272415697575,15.405016199236034,nan,0.9506484866142273,3.5
263,459.0892028808594,143.88552856445312,0.002254161750897765,0.006297434214502573,27.0690860748291,-0.015380859375,15.4309708473476,nan,0.924983024597168,3.5
264,459.1338195800781,143.91256713867188,0.002258891938254237,0.006181320641189814,27.238868713378906,-0.015502930618822575,15.45784586523587,nan,0.898127555847168,3.5
265,459.18170166015625,143.9418487548828,0.0022576332557946444,0.006058377679437399,27.421730041503906,-0.015655517578125,15.486622372598818,nan,0.8690288066864014,3.5
266,459.22607421875,143.96910095214844,0.0022604179102927446,0.005949094425886869,27.591163635253906,-0.0158081091940403,15.5131381726144,nan,0.8419595956802368,3.5
267,459.2719421386719,143.9974822998047,0.0022597312927246094,0.005839811637997627,27.766639709472656,-0.01593017578125,15.54044537210358,nan,0.813776433467865,3.5
268,459.31829833984375,144.0263671875,0.0022576332557946444,0.005716868210583925,27.94444465637207,-0.01608276553452015,15.567958783447787,nan,0.7850744724273682,3.5
269,459.3625183105469,144.0541229248047,0.0022577857598662376,0.005607584957033396,28.1143798828125,-0.01623535342514515,15.59410628169999,nan,0.7575019001960754,3.5
270,459.41021728515625,144.08424377441406,0.002252178033813834,0.005484641529619694,28.29790687561035,-0.01638794131577015,15.622188132271994,nan,0.7275791764259338,3.5
271,459.45220947265625,144.11094665527344,0.0022539328783750534,0.005382188595831394,28.4598331451416,-0.016510009765625,15.646829169283237,nan,0.7010440230369568,3.5
272,459.4981994628906,144.14036560058594,0.0022496222518384457,0.005266075488179922,28.63736343383789,-0.01666259951889515,15.673702223430496,nan,0.6718233227729797,3.5
273,459.54022216796875,144.1674041748047,0.002249927492812276,0.0051636225543916225,28.79982566833496,-0.01678466983139515,15.698160782287156,nan,0.644952654838562,3.5
274,459.5841979980469,144.1959228515625,0.0022469901014119387,0.00505433976650238,28.970355987548828,-0.01690673828125,15.723699921087452,nan,0.61661696434021,3.5
275,459.6288146972656,144.22503662109375,0.002242870396003127,0.004938226658850908,29.143592834472656,-0.01705932430922985,15.74950863068621,nan,0.5876862406730652,3.5
276,459.67315673828125,144.25411987304688,0.0022387122735381126,0.004828943405300379,29.315813064575195,-0.01718139462172985,15.775026486592726,nan,0.5587860345840454,3.5
277,459.7178955078125,144.28367614746094,0.0022339820861816406,0.004712830297648907,29.489988327026367,-0.017333984375,15.800695580495654,nan,0.5294128060340881,3.5
278,459.76220703125,144.3131561279297,0.0022296332754194736,0.004603547044098377,29.66301727294922,-0.017486572265625,15.826061508801057,nan,0.5001159310340881,3.5
279,459.80670166015625,144.34291076660156,0.0022245978470891714,0.004494264256209135,29.83687400817871,-0.017608642578125,15.851405462484756,nan,0.4705444574356079,3.5
280,459.8553771972656,144.37571716308594,0.002213268307968974,0.004371320828795433,30.027511596679688,-0.01776122860610485,15.879041587935793,nan,0.43793654441833496,3.5
281,459.9081115722656,144.4115447998047,0.0021954155527055264,0.0042347172275185585,30.23468780517578,-0.017913818359375,15.908891796821525,nan,0.40232259035110474,3.5
282,459.9647521972656,144.45033264160156,0.0021717643830925226,0.004098113160580397,30.45758056640625,-0.0181274376809597,15.94079127938026,nan,0.36376383900642395,3.5
283,460.0227355957031,144.49032592773438,0.0021494864486157894,0.0039888303726911545,30.686111450195312,-0.01837158016860485,15.973260828232263,nan,0.3240150511264801,3.5
284,460.0859680175781,144.5343780517578,0.002117748139426112,0.003886377438902855,30.936275482177734,-0.018707275390625,16.008545437164997,nan,0.2802228033542633,3.5
285,460.1561279296875,144.58375549316406,0.0020708655938506126,0.0037907548248767853,31.214786529541016,-0.01910400390625,16.047511561549605,nan,0.23113609850406647,3.5
286,460.2116394042969,144.62313842773438,0.0020757103338837624,0.0037292831111699343,31.435636520385742,-0.0194702111184597,16.07817423784956,nan,0.19198369979858398,3.5
287,460.26007080078125,144.65773010253906,0.0020905493292957544,0.0036814718041568995,31.628582000732422,-0.019775390625,16.104801235417476,nan,0.15759268403053284,3.5
288,460.3063659667969,144.69107055664062,0.0021046255715191364,0.0036336604971438646,31.813688278198242,-0.02008056454360485,16.13020334405838,nan,0.1244390457868576,3.5
289,460.3625183105469,144.73182678222656,0.0020998192485421896,0.0035790188703686,32.038761138916016,-0.020416259765625,16.16090102001868,nan,0.08391977101564407,3.5
290,460.416015625,144.7709197998047,0.0021007347386330366,0.003531207563355565,32.253597259521484,-0.02078246884047985,16.19001067239398,nan,0.045078035444021225,3.5
291,460.4600830078125,144.80335998535156,0.002114162314683199,0.0034970566630363464,32.43094253540039,-0.02105712704360485,16.213903083926418,nan,0.012945552356541157,3.5
292,460.5047302246094,144.83642578125,0.0021238517947494984,0.003462905762717128,32.611026763916016,-0.0213623009622097,16.238035174099124,nan,0.02022312581539154,3.5
293,460.55511474609375,144.87405395507812,0.002122974256053567,0.003415094455704093,32.8149299621582,-0.021697998046875,16.265204555822088,nan,0.05758056417107582,3.5
294,460.6158447265625,144.91976928710938,0.0020989798940718174,0.0033741132356226444,33.06130599975586,-0.02209472469985485,16.297820679823534,nan,0.1030190959572792,3.5
295,460.6692810058594,144.96029663085938,0.0020961188711225986,0.0033331322483718395,33.278602600097656,-0.02243041805922985,16.326385828611414,nan,0.1433270424604416,3.5
296,460.7174072265625,144.99705505371094,0.002101840917021036,0.003292151028290391,33.474853515625,-0.02276611328125,16.352032505541104,nan,0.17988437414169312,3.5
297,460.760498046875,145.03016662597656,0.0021119499579072,0.0032580001279711723,33.650821685791016,-0.02307128719985485,16.37490324198415,nan,0.21281138062477112,3.5
298,460.8085021972656,145.06736755371094,0.0021130561362951994,0.00322384899482131,33.84752655029297,-0.02337646298110485,16.400332460017918,nan,0.24981273710727692,3.5
299,460.8570251464844,145.1051788330078,0.002112369518727064,0.0031965284142643213,34.046714782714844,-0.02371215634047985,16.42593430100702,nan,0.287424772977829,3.5
300,460.90087890625,145.13961791992188,0.0021168708335608244,0.0031623775139451027,34.22723388671875,-0.024017333984375,16.449010053170948,nan,0.3216954171657562,3.5
301,460.9450988769531,145.174560546875,0.002119312295690179,0.0031282263807952404,34.40971755981445,-0.024322509765625,16.472214843661497,nan,0.35645461082458496,3.5
302,460.9886169433594,145.2091522216797,0.002121181460097432,0.0031009058002382517,34.589595794677734,-0.024627685546875,16.49497045058656,nan,0.3908628821372986,3.5
303,461.0330810546875,145.2447509765625,0.0021203041542321444,0.0030667546670883894,34.774017333984375,-0.024932861328125,16.51817888304046,nan,0.42627835273742676,3.5
304,461.0970458984375,145.29638671875,0.0020734977442771196,0.0030326037667691708,35.04003143310547,-0.02539062313735485,16.551449740940914,nan,0.477654367685318,3.5
305,461.1536865234375,145.342529296875,0.0020573996007442474,0.002991622779518366,35.276424407958984,-0.025787353515625,16.580794561748114,nan,0.5235527157783508,3.5
306,461.20843505859375,145.387451171875,0.0020479392260313034,0.0029643019661307335,35.50547790527344,-0.02618408389389515,16.609042777927193,nan,0.5682609677314758,3.5
307,461.2575988769531,145.42811584472656,0.0020500754471868277,0.002930151065811515,35.71189498901367,-0.026519775390625,16.634341706453334,nan,0.6087121963500977,3.5
308,461.2998046875,145.46324157714844,0.002059879247099161,0.0029096603393554688,35.8894157409668,-0.026824951171875,16.655979911829043,nan,0.6436701416969299,3.5
309,461.3480224609375,145.50369262695312,0.0020587730687111616,0.00287550943903625,36.093048095703125,-0.02719116024672985,16.680670587935904,nan,0.683923065662384,3.5
310,461.3909912109375,145.53997802734375,0.0020641135051846504,0.0028550189454108477,36.27496337890625,-0.027496337890625,16.702607220997233,nan,0.7200407981872559,3.5
311,461.4339294433594,145.57643127441406,0.0020675850100815296,0.002834528451785445,36.45703887939453,-0.027801513671875,16.724453469006324,nan,0.7563111186027527,3.5
312,461.4775390625,145.61366271972656,0.002068576868623495,0.002814037725329399,36.642330169677734,-0.0281372033059597,16.74657244021177,nan,0.793359637260437,3.5
313,461.52081298828125,145.65090942382812,0.0020682334434241056,0.0027867169119417667,36.82689666748047,-0.02847289852797985,16.76849190892165,nan,0.8304386138916016,3.5
314,461.569091796875,145.69273376464844,0.0020591162610799074,0.0027662264183163643,37.03331756591797,-0.028808588162064552,16.792872993117378,nan,0.8720648288726807,3.5
315,461.62249755859375,145.73939514160156,0.0020396995823830366,0.0027320755179971457,37.26256561279297,-0.0292358361184597,16.819781330579776,nan,0.9184975028038025,3.5
316,461.6737060546875,145.7844696044922,0.00202802661806345,0.0026774341240525246,37.4830436706543,-0.029663080349564552,16.84548936272098,nan,0.9633585810661316,3.5
317,461.7252197265625,145.83013916015625,0.0020171545911580324,0.0026159624103456736,37.70545196533203,-0.030151361599564552,16.87126927771217,nan,1.0088146924972534,3.5
318,461.7691955566406,145.86944580078125,0.002020282670855522,0.0025544906966388226,37.896060943603516,-0.030548090115189552,16.89323593166302,nan,1.0479538440704346,3.5
319,461.8165588378906,145.9120330810547,0.0020169257186353207,0.0024861886631697416,38.1017951965332,-0.031005859375,16.91682280248727,nan,1.0903429985046387,3.5
320,461.8646240234375,145.95559692382812,0.0020117759704589844,0.0024110565427690744,38.311439514160156,-0.0314941368997097,16.940717068510047,nan,1.1337088346481323,3.5
321,461.9172058105469,146.0035858154297,0.0019976997282356024,0.0023222642485052347,38.54127883911133,-0.032012939453125,16.96675587143002,nan,1.1814844608306885,3.5
322,461.9633483886719,146.04598999023438,0.001997661544010043,0.0022471321281045675,38.74357223510742,-0.032470703125,16.9895379584354,nan,1.223690390586853,3.5
323,462.0075378417969,146.08689880371094,0.001999645261093974,0.0021720000077039003,38.93791198730469,-0.032928466796875,17.01130721559342,nan,1.2644165754318237,3.5
324,462.0545959472656,146.1307830810547,0.001995563507080078,0.002096867887303233,39.14573669433594,-0.0334167443215847,17.0344605626839,nan,1.3081179857254028,3.5
325,462.1004943847656,146.17385864257812,0.001993198413401842,0.0020149056799709797,39.34886169433594,-0.03387451171875,17.056963224677023,nan,1.350995421409607,3.5
326,462.150146484375,146.2208251953125,0.00198331824503839,0.0019261132692918181,39.56941604614258,-0.034393310546875,17.081259937306992,nan,1.3977640867233276,3.5
327,462.2000732421875,146.26841735839844,0.0019736671820282936,0.0018441509455442429,39.791954040527344,-0.034912109375,17.105627723559394,nan,1.4451581239700317,3.5
328,462.2545166015625,146.32078552246094,0.001954250270500779,0.0017485283315181732,40.03575134277344,-0.0354919470846653,17.132159510147268,nan,1.497297763824463,3.5
329,462.3008117675781,146.3656005859375,0.0019549368880689144,0.0016665661241859198,40.24361801147461,-0.0360107421875,17.154640354973026,nan,1.5419148206710815,3.5
330,462.34912109375,146.4127655029297,0.0019507788820192218,0.0015846038004383445,40.46144485473633,-0.0365295372903347,17.178067345769872,nan,1.5888816118240356,3.5
331,462.3948059082031,146.45765686035156,0.001950817066244781,0.0015094716800376773,40.66801834106445,-0.037017822265625,17.200159153873194,nan,1.6335902214050293,3.5
332,462.4373474121094,146.49974060058594,0.001954631647095084,0.001434339676052332,40.8609504699707,-0.037506103515625,17.220679335216364,nan,1.675506591796875,3.5
333,462.4845886230469,146.54684448242188,0.0019489097176119685,0.0013523773523047566,41.076087951660156,-0.0380249060690403,17.24344222667368,nan,1.722412347793579,3.5
334,462.54046630859375,146.60302734375,0.0019224357092753053,0.001256754738278687,41.33163070678711,-0.0386352501809597,17.270313644748864,nan,1.7216341495513916,3.5
335,462.5888977050781,146.65211486816406,0.0019182777032256126,0.0011747924145311117,41.55397415161133,-0.0391845628619194,17.29353931207456,nan,1.672744631767273,3.5
336,462.6322937011719,146.6964111328125,0.001922397525049746,0.0010996604105457664,41.75388717651367,-0.0397033654153347,17.31430888127704,nan,1.6286312341690063,3.5
337,462.6759948730469,146.74136352539062,0.001924114185385406,0.0010245282901450992,41.95598220825195,-0.040191650390625,17.33519578197312,nan,1.5838615894317627,3.5
338,462.720458984375,146.78733825683594,0.0019232749473303556,0.0009493962279520929,42.1619873046875,-0.0407104454934597,17.356376039439773,nan,1.5380696058273315,3.5
339,462.7664489746094,146.83526611328125,0.0019183921394869685,0.0008742641657590866,42.37598419189453,-0.0412597618997097,17.378254596230367,nan,1.4903243780136108,3.5
340,462.810302734375,146.88134765625,0.0019167899154126644,0.0007991321035660803,42.58103942871094,-0.0417785607278347,17.399106930837196,nan,1.4444255828857422,3.5
341,462.856201171875,146.9298858642578,0.0019106864929199219,0.0007240000413730741,42.79616165161133,-0.0423278845846653,17.42086070824183,nan,1.396070122718811,3.5
342,462.90777587890625,146.98489379882812,0.001891498570330441,0.0006352075724862516,43.03899383544922,-0.0429382361471653,17.445276963451406,nan,1.3412754535675049,3.5
343,462.95703125,147.03782653808594,0.0018804740393534303,0.0005532453069463372,43.27178955078125,-0.043548583984375,17.468540677890108,nan,1.2885558605194092,3.5
344,463.0002746582031,147.0846710205078,0.0018818473909050226,0.0004781132156495005,43.477054595947266,-0.0440673828125,17.488931837214672,nan,1.2418789863586426,3.5
345,463.04241943359375,147.13070678710938,0.0018831061897799373,0.00040981132769957185,43.678123474121094,-0.0446167029440403,17.508803942342492,nan,1.1960259675979614,3.5
346,463.0820617675781,147.1742401123047,0.0018866538302972913,0.0003415094397496432,43.867637634277344,-0.04510498046875,17.52744086249827,nan,1.1526449918746948,3.5
347,463.12701416015625,147.22398376464844,0.0018795585492625833,0.00026637734845280647,44.083553314208984,-0.045684814453125,17.548566241120177,nan,1.1030839681625366,3.5
348,463.18096923828125,147.2841796875,0.0018499564612284303,0.00017758490866981447,44.34370422363281,-0.046356201171875,17.573868586604327,nan,1.0431164503097534,3.5
349,463.2232971191406,147.331787109375,0.0018519400618970394,0.00013660377589985728,44.54872131347656,-0.0468444861471653,17.593654338035787,nan,0.9956766366958618,3.5
350,463.2651062011719,147.37911987304688,0.0018536949064582586,0.00012294339830987155,44.75187683105469,-0.047210693359375,17.6131583130592,nan,0.9485265612602234,3.5
351,463.3034973144531,147.4228973388672,0.0018593025160953403,0.00013660377589985728,44.93926239013672,-0.047515869140625,17.631052959640797,nan,0.9049015641212463,3.5
352,463.3448791503906,147.47035217285156,0.0018592261476442218,0.0001707547198748216,45.141788482666016,-0.047821044921875,17.650298587681608,nan,0.8576142191886902,3.5
353,463.39019775390625,147.5228271484375,0.0018509101355448365,0.00023222641902975738,45.36494445800781,-0.048126220703125,17.671397067607195,nan,0.805321991443634,3.5
354,463.43896484375,147.57972717285156,0.0018358802190050483,0.0003073585103265941,45.60601806640625,-0.048431396484375,17.69405897894476,nan,0.7486353516578674,3.5
355,463.4804992675781,147.6285858154297,0.0018377113156020641,0.0003824905725196004,45.8122444152832,-0.0486755333840847,17.713333259202614,nan,0.6999441981315613,3.5
356,463.5188903808594,147.6739959716797,0.0018431663047522306,0.00045079246046952903,46.0034065246582,-0.048919666558504105,17.73111298390797,nan,0.654686450958252,3.5
357,463.55706787109375,147.719482421875,0.0018473243108019233,0.0005327546969056129,46.194400787353516,-0.0491638109087944,17.74879310114153,nan,0.6093524098396301,3.5
358,463.60260009765625,147.77420043945312,0.001836910261772573,0.0006283773691393435,46.423316955566406,-0.0494384691119194,17.769873020485086,nan,0.5548325777053833,3.5
359,463.646240234375,147.82699584960938,0.001832027337513864,0.0007240000413730741,46.64337921142578,-0.0496826097369194,17.79002552771508,nan,0.5022200345993042,3.5
360,463.6902770996094,147.88072204589844,0.00182622903957963,0.0008196226553991437,46.86671447753906,-0.049957264214754105,17.810362563652244,nan,0.4486616253852844,3.5
361,463.7344970703125,147.93507385253906,0.0018203925574198365,0.0009220754727721214,47.09183120727539,-0.050231922417879105,17.830749081333792,nan,0.3944929838180542,3.5
362,463.7789306640625,147.99012756347656,0.0018143653869628906,0.0010245282901450992,47.31911087036133,-0.0505065843462944,17.851216321884795,nan,0.3396226167678833,3.5
363,463.8199462890625,148.04132080078125,0.0018155479338020086,0.0011201510205864906,47.529903411865234,-0.0507812425494194,17.870090694776312,nan,0.28859764337539673,3.5
364,463.8620300292969,148.0942840576172,0.001813487964682281,0.0012226038379594684,47.74724197387695,-0.051055897027254105,17.889451794239427,nan,0.23581832647323608,3.5
365,463.90283203125,148.14605712890625,0.00181322090793401,0.001318226451985538,47.95907211303711,-0.0513305589556694,17.9082204704481,nan,0.18421460688114166,3.5
366,463.9439697265625,148.1986541748047,0.0018118476727977395,0.0014206792693585157,48.173583984375,-0.051605209708213806,17.927131066316107,nan,0.1317884922027588,3.5
367,463.9898376464844,148.2577362060547,0.0017993735382333398,0.0015367924934253097,48.41379928588867,-0.051910389214754105,17.94818642924681,nan,0.07289882749319077,3.5
368,464.03826904296875,148.32073974609375,0.0017817115876823664,0.0016597359208390117,48.669071197509766,-0.0522460862994194,17.970425042035565,nan,0.01022724062204361,3.5
369,464.0872497558594,148.38497924804688,0.0017651556991040707,0.0017826792318373919,48.9284782409668,-0.0525817833840847,17.992880810952943,nan,0.05398436635732651,3.5
370,464.1324157714844,148.4447784423828,0.0017616080585867167,0.0018987924559041858,49.169097900390625,-0.0528869554400444,18.013583029362987,nan,0.11358574777841568,3.5
371,464.1756591796875,148.50247192382812,0.0017620658036321402,0.0020149056799709797,49.40054702758789,-0.0531921312212944,18.033378884100095,nan,0.17110732197761536,3.5
372,464.2117919921875,148.5510711669922,0.0017734718276187778,0.0021105282939970493,49.59497833251953,-0.0534667894244194,18.04992258466448,nan,0.2195523977279663,3.5
373,464.2503356933594,148.60324096679688,0.0017787741962820292,0.002206150908023119,49.803123474121094,-0.0537414476275444,18.067545134906972,nan,0.2715534567832947,3.5
374,464.288818359375,148.6557159423828,0.0018177985912188888,0.002315433928743005,50.01185989379883,-0.0540771447122097,18.08515106053246,nan,0.3238755762577057,3.5
375,464.3236083984375,148.70359802246094,0.0018449974013492465,0.002404226455837488,50.201839447021484,-0.0543517991900444,18.101089699088064,nan,0.371620237827301,3.5
376,464.36187744140625,148.75660705566406,0.001867923652753234,0.002513509476557374,50.411659240722656,-0.054656982421875,18.11856157354069,nan,0.42446139454841614,3.5
377,464.40228271484375,148.81304931640625,0.0018852805951610208,0.00262279249727726,50.63444137573242,-0.054962158203125,18.136693651778536,nan,0.4807359576225281,3.5
378,464.44464111328125,148.87269592285156,0.001897678361274302,0.0027320755179971457,50.86943435668945,-0.0552673302590847,18.15264578047442,nan,0.5402147173881531,3.5
379,464.4840393066406,148.9285888671875,0.0019049262627959251,0.0027867169119417667,51.08979797363281,-0.0553894005715847,18.15094707818295,nan,0.5959400534629822,3.5
380,464.5197448730469,148.97962951660156,0.0019095801981166005,0.00262279249727726,51.28923034667969,-0.0552978478372097,18.114356977175284,nan,0.6468436121940613,3.5
381,464.5558166503906,149.03146362304688,0.0019130896544083953,0.0022744529414922,51.492218017578125,-0.05499267578125,18.069318006871665,nan,0.6985253691673279,3.5
382,464.5906677246094,149.0818634033203,0.001915149623528123,0.0018783019622787833,51.6893196105957,-0.0546874962747097,18.049398360475507,nan,0.7487728595733643,3.5
383,464.6264343261719,149.13401794433594,0.0018998145824298263,0.0018031698418781161,51.89227294921875,-0.0548705980181694,18.116297775332676,nan,0.8007903099060059,3.5
384,464.6678771972656,149.1949920654297,0.0018988990923389792,0.0018851321656256914,52.129173278808594,-0.055419910699129105,18.146880624380614,nan,0.8615968823432922,3.5
385,464.7158203125,149.26617431640625,0.0018945884658023715,0.002096867887303233,52.40898895263672,-0.055999744683504105,18.162576587826003,nan,0.9325811266899109,3.5
386,464.7652587890625,149.34060668945312,0.0018494987161830068,0.0016665661241859198,52.684993743896484,-0.056426990777254105,18.13669061624753,nan,1.0068002939224243,3.5
387,464.8114318847656,149.41078186035156,0.0018568228697404265,0.0017621887382119894,52.953731536865234,-0.056823715567588806,18.183070651284066,nan,1.0767929553985596,3.5
388,464.8611145019531,149.48704528808594,0.0018640327034518123,0.0014821509830653667,53.25052261352539,-0.0569457933306694,18.133007717008397,nan,1.1528432369232178,3.5
389,464.9119567871094,149.56552124023438,0.0018214606679975986,0.0006147170206531882,53.54787826538086,-0.0552978478372097,18.094149434014483,nan,1.231121301651001,3.5
390,464.956787109375,149.6356964111328,0.0018360328394919634,0.000662528327666223,53.816322326660156,-0.0557861290872097,18.181489303131666,nan,1.3011139631271362,3.5
391,464.9903259277344,149.6887664794922,0.0018436622340232134,0.0007991321035660803,54.01699447631836,-0.056213367730379105,18.21545726655008,nan,1.3540470600128174,3.5
392,465.0244445800781,149.7430419921875,0.0018497275887057185,0.0008606037590652704,54.22283172607422,-0.0563964769244194,18.235786395478424,nan,1.408170461654663,3.5
393,465.0621032714844,149.80332946777344,0.0018354224739596248,0.00041664153104647994,54.460777282714844,-0.0560302659869194,18.144179934117044,nan,1.4683057069778442,3.5
394,465.101318359375,149.8668670654297,0.0018435096135362983,0.0006420377176254988,54.7034912109375,-0.056518543511629105,18.197686846664343,nan,1.531691312789917,3.5
395,465.1416320800781,149.93292236328125,0.0018485068576410413,0.0010245282901450992,54.955875396728516,-0.057128891348838806,18.237039391797236,nan,1.5975791215896606,3.5
396,465.17767333984375,149.99252319335938,0.001851749373599887,0.0012362641282379627,55.18555450439453,-0.057464584708213806,18.22125181860646,nan,1.6570278406143188,3.5
397,465.2093200683594,150.04525756835938,0.0018548392690718174,0.001202113227918744,55.38584899902344,-0.057342518121004105,18.208220204555033,nan,1.7096253633499146,3.5
398,465.2427978515625,150.10133361816406,0.0018580436008051038,0.0010245282901450992,55.597896575927734,-0.05700681731104851,18.183704329182945,nan,1.734436273574829,3.5
399,465.27587890625,150.1572265625,0.0018610954284667969,0.0007308301865123212,55.80880355834961,-0.0566100999712944,18.165381266390476,nan,1.6786803007125854,3.5
400,465.3081970214844,150.212158203125,0.001863613142631948,0.0004234717052895576,56.01569366455078,-0.056243881583213806,18.15283992181074,nan,1.6238702535629272,3.5
401,465.33807373046875,150.26336669921875,0.001865291502326727,0.00018441509746480733,56.207969665527344,-0.056030258536338806,18.157204768031157,nan,1.5727834701538086,3.5
402,465.37408447265625,150.3256072998047,0.0018670463468879461,-0.00012294339830987155,56.44258499145508,-0.055816650390625,18.120856475804583,nan,1.5106950998306274,3.5
403,465.4064025878906,150.38194274902344,0.0018686484545469284,-0.0004917735932394862,56.653587341308594,-0.0555725023150444,18.118490878180214,nan,1.4544965028762817,3.5
404,465.4383239746094,150.43800354003906,0.0018697165651246905,-0.0007649811450392008,56.863136291503906,-0.055450439453125,18.105072817100936,nan,1.398572564125061,3.5
405,465.4694519042969,150.49319458007812,0.0018702888628467917,-0.0009767169831320643,57.068965911865234,-0.0554199144244194,18.10343496584898,nan,1.3435031175613403,3.5
406,465.5011291503906,150.54971313476562,0.0018705177353695035,-0.0011611321242526174,57.27946090698242,-0.0554199144244194,18.095347303419008,nan,1.2871215343475342,3.5
407,465.5332336425781,150.6075897216797,0.0018706702394410968,-0.001372867962345481,57.49459457397461,-0.0554199181497097,18.085219558192733,nan,1.2293665409088135,3.5
408,465.5732421875,150.68035888671875,0.0018715858459472656,-0.0017690189415588975,57.76475143432617,-0.0552062951028347,18.025767513039835,nan,1.1567647457122803,3.5
409,465.6104431152344,150.74884033203125,0.0018438148545101285,-0.0014684905763715506,58.01909255981445,-0.0557861328125,18.152158389163084,nan,1.088435411453247,3.5
410,465.6507568359375,150.82415771484375,0.0018453407101333141,-0.0007308301865123212,58.298824310302734,-0.057067859917879105,18.220285189842023,nan,1.0132852792739868,3.5
411,465.68096923828125,150.88111877441406,0.0018457602709531784,-0.0002458867966197431,58.5106201171875,-0.0577697716653347,18.235391005505303,nan,0.9564459323883057,3.5
412,465.7102966308594,150.9369659423828,0.0018468283815309405,-3.415094397496432e-05,58.71461868286133,-0.0580139085650444,18.224038318087587,nan,0.9007205367088318,3.5
413,465.7415771484375,150.99700927734375,0.0018483161693438888,4.0981132769957185e-05,58.933963775634766,-0.05792236328125,18.204999936666017,nan,0.8408141732215881,3.5
414,465.7757263183594,151.06298828125,0.0018511390080675483,-0.00015709434228483588,59.17498779296875,-0.057556141167879105,18.166684193852124,nan,0.7749720811843872,3.5
415,465.8112487792969,151.13238525390625,0.0018548392690718174,-0.0005805660621263087,59.42838668823242,-0.056976307183504105,18.120391259543904,nan,0.7057273983955383,3.5
416,465.84417724609375,151.1973114013672,0.0018582344055175781,-0.001072339597158134,59.6655387878418,-0.056518539786338806,18.10287340257133,nan,0.6409229636192322,3.5
417,465.8728332519531,151.25439453125,0.0018600653856992722,-0.00131139624863863,59.87320327758789,-0.056335438042879105,18.115986684407552,nan,0.5839616656303406,3.5
418,465.9019470214844,151.3128662109375,0.0018608665559440851,-0.0014684905763715506,60.085540771484375,-0.05633543059229851,18.11204679058132,nan,0.5256120562553406,3.5
419,465.9331970214844,151.3762664794922,0.0018616676097735763,-0.0016187547007575631,60.31549835205078,-0.05630491301417351,18.09560167724444,nan,0.46234893798828125,3.5
420,465.96136474609375,151.43392944335938,0.001862163539044559,-0.0017075472278520465,60.5239372253418,-0.056304920464754105,18.112628337842118,nan,0.40479278564453125,3.5
421,465.98834228515625,151.4897003173828,0.001861629425548017,-0.0016802264144644141,60.72506332397461,-0.056457508355379105,18.1227872622481,nan,0.34912899136543274,3.5
422,466.0157775878906,151.54693603515625,0.0018609428079798818,-0.0015914340037852526,60.93109130859375,-0.056610092520713806,18.131092276746298,nan,0.29201579093933105,3.5
423,466.04412841796875,151.6067352294922,0.0018601417541503906,-0.001495811389759183,61.14609909057617,-0.05676267668604851,18.13008474128248,nan,0.23233969509601593,3.5
424,466.0741271972656,151.67059326171875,0.0018597220769152045,-0.001495811389759183,61.37539291381836,-0.056793201714754105,18.1155382344206,nan,0.16860607266426086,3.5
425,466.1037292480469,151.73423767089844,0.001859798445366323,-0.0015914340037852526,61.60361099243164,-0.056732162833213806,18.106938722913675,nan,0.10508935153484344,3.5
426,466.1346435546875,151.80130004882812,0.0018603324424475431,-0.0017075472278520465,61.843849182128906,-0.056640613824129105,18.08337901594503,nan,0.03817737102508545,3.5
427,466.1644287109375,151.86679077148438,0.0018608665559440851,-0.0018919622525572777,62.0781364440918,-0.056518543511629105,18.07450330497231,nan,0.027300706133246422,3.5
428,466.1912536621094,151.9261932373047,0.0018608665559440851,-0.0019534339662641287,62.28998947143555,-0.056549061089754105,18.092071729903825,nan,0.08655337244272232,3.5
429,466.2225036621094,151.99630737304688,0.00186071393545717,-0.0020149056799709797,62.54026794433594,-0.056549061089754105,18.06031961747298,nan,0.1565217673778534,3.5
430,466.25341796875,152.06640625,0.0018619346665218472,-0.0022607925347983837,62.789913177490234,-0.0563964769244194,18.036868576731194,nan,0.22649571299552917,3.5
431,466.28326416015625,152.13504028320312,0.0018359565874561667,-0.0017075472278520465,63.033443450927734,-0.057098377496004105,18.18490477696824,nan,0.2950063943862915,3.5
432,466.3109130859375,152.19952392578125,0.0018357275985181332,-0.0008264528587460518,63.26148223876953,-0.0582275316119194,18.267906937597463,nan,0.35936740040779114,3.5
433,466.33636474609375,152.2596435546875,0.0018345069838687778,1.3660377589985728e-05,63.47523880004883,-0.05914306640625,18.31292590818752,nan,0.4193800389766693,3.5
434,466.3620300292969,152.32083129882812,0.001834278111346066,0.0005737358587794006,63.690364837646484,-0.0596008263528347,18.302272463416603,nan,0.4804609715938568,3.5
435,466.3870849609375,152.38119506835938,0.001835193601436913,0.0008332830620929599,63.900856018066406,-0.0596008263528347,18.29805032784166,nan,0.540718138217926,3.5
436,466.41058349609375,152.43836975097656,0.0018359565874561667,0.0009972075931727886,64.10025024414062,-0.0594787634909153,18.31000365066751,nan,0.5978013873100281,3.5
437,466.4345703125,152.49716186523438,0.001836643205024302,0.001126981107518077,64.305419921875,-0.059356689453125,18.312853071742655,nan,0.6565021872520447,3.5
438,466.46343994140625,152.56875610351562,0.0018383597489446402,0.0010518491035327315,64.55598449707031,-0.0589904747903347,18.27538796105374,nan,0.7279747724533081,3.5
439,466.4886474609375,152.63201904296875,0.0018404959701001644,0.0008332830620929599,64.77678680419922,-0.058624256402254105,18.284494717328986,nan,0.7911311984062195,3.5
440,466.515380859375,152.6996612548828,0.0018426323076710105,0.000594226410612464,65.01275634765625,-0.0583190880715847,18.254881645479735,nan,0.8586670160293579,3.5
441,466.5384216308594,152.76133728027344,0.002238254528492689,0.025312678888440132,65.27136993408203,-0.1391296535730362,17.959461290864883,nan,0.9202375411987305,3.5
442,466.5525817871094,152.84521484375,0.01637178473174572,0.8721672892570496,65.5902099609375,-2.446747064590454,17.942486960255575,nan,1.0042006969451904,3.5
443,466.5770568847656,152.91143798828125,0.01916421763598919,0.9439457654953003,65.86811828613281,-2.40338134765625,18.037909382330838,nan,1.070355772972107,3.5
444,466.6099853515625,153.00173950195312,0.0220860093832016,0.9975832104682922,66.21612548828125,-2.305572509765625,18.14657136669611,nan,1.1605592966079712,3.5
445,466.63861083984375,153.08290100097656,0.024415530264377594,1.0429835319519043,66.51029205322266,-2.294098138809204,18.223528294484662,nan,1.2416293621063232,3.5
446,466.67132568359375,153.17755126953125,0.02668645791709423,1.0915666818618774,66.84273529052734,-2.331360340118408,18.30572775721243,nan,1.3361693620681763,3.5
447,466.70440673828125,153.27442932128906,0.028486499562859535,1.1317895650863647,67.17699432373047,-2.38189697265625,18.319033177630242,nan,1.4329276084899902,3.5
448,466.72711181640625,153.3413543701172,0.029541796073317528,1.1573071479797363,67.4078140258789,-2.422363758087158,18.297238188488613,nan,1.4997694492340088,3.5
449,466.7476806640625,153.4038848876953,0.03058130107820034,1.1898666620254517,67.6369400024414,-2.432190418243408,18.040133275396677,nan,1.5622326135635376,3.5
450,466.77935791015625,153.459716796875,0.041683025658130646,1.8668545484542847,67.819580078125,-0.6326600313186646,18.00495629992031,nan,1.6181652545928955,3.5
451,466.798828125,153.51974487304688,0.04559144750237465,2.0076589584350586,68.02273559570312,-0.514434814453125,18.032812482058432,nan,1.6782000064849854,3.5
452,466.81201171875,153.54052734375,0.04502347856760025,2.1336007118225098,68.20043182373047,-0.441375732421875,5.877645051773709,nan,1.6988989114761353,3.5
453,466.81640625,153.52447509765625,0.04163770750164986,2.2605807781219482,68.28269958496094,-0.4139406383037567,4.030572928066613,nan,1.68274986743927,3.5
454,466.8172302246094,153.5127410888672,0.03953099995851517,2.366018295288086,68.2926254272461,-0.4116515517234802,2.979031721459744,nan,1.6709680557250977,3.5
455,466.8164978027344,153.50320434570312,0.038315754383802414,2.4660465717315674,68.28103637695312,-0.41348275542259216,2.1502514395454204,nan,1.6614055633544922,3.5
456,466.81549072265625,153.49710083007812,0.038023050874471664,2.5362608432769775,68.26124572753906,-0.4091796576976776,1.6826043261139643,nan,1.655296802520752,3.5
457,466.8146057128906,153.4927978515625,0.03825918212532997,2.596038579940796,68.24962615966797,-0.4016417860984802,1.207478731673416,nan,1.6510004997253418,3.5
458,466.8137512207031,153.48963928222656,0.038887348026037216,2.643078088760376,68.23303985595703,-0.3882448077201843,0.9335963481658298,nan,1.6478726863861084,3.5
459,466.8132629394531,153.4876251220703,0.039848536252975464,2.685835123062134,68.2253646850586,-0.37197861075401306,0.6547329813499932,nan,1.6458820104599,3.5
460,466.81304931640625,153.48680114746094,0.040865495800971985,2.7170422077178955,68.21696472167969,-0.35571298003196716,0.45161554069853943,nan,1.6450831890106201,3.5
461,466.8129577636719,153.4864044189453,0.04203973710536957,2.744479179382324,68.21321105957031,-0.3384096920490265,0.4434557648966901,nan,1.6447162628173828,3.5
462,466.8130798339844,153.4867401123047,0.043371524661779404,2.7692317962646484,68.2134780883789,-0.3203735649585724,0.4462698544261591,nan,1.645086407661438,3.5
463,466.81341552734375,153.48779296875,0.04479703679680824,2.7921812534332275,68.20924377441406,-0.3008725643157959,0.5685857176559602,nan,1.646177053451538,3.5
464,466.81402587890625,153.48971557617188,0.04647580906748772,2.813887596130371,68.22433471679688,-0.28216540813446045,0.6670967042505981,nan,1.6481454372406006,3.5
465,466.8146667480469,153.4917755126953,0.04796357825398445,2.830368757247925,68.22735595703125,-0.2637636065483093,0.7711658862207118,nan,1.6502318382263184,3.5
466,466.8155212402344,153.49462890625,0.04943956434726715,2.844329595565796,68.23491668701172,-0.24685655534267426,0.9854099640719984,nan,1.653127670288086,3.5
467,466.81640625,153.4974822998047,0.05083024874329567,2.855654239654541,68.24372863769531,-0.2316589206457138,0.9622400015030194,nan,1.6560218334197998,3.5
468,466.8174743652344,153.5010223388672,0.052209530025720596,2.865612506866455,68.25869750976562,-0.2174682915210724,1.167210640141189,nan,1.6596031188964844,3.5
469,466.81866455078125,153.50489807128906,0.05354413762688637,2.874382495880127,68.27186584472656,-0.203155517578125,1.269026015263336,nan,1.6635040044784546,3.5
470,466.8199462890625,153.50912475585938,0.05485231429338455,2.8819708824157715,68.28556060791016,-0.1893923580646515,1.3096606407080098,nan,1.6677712202072144,3.5
471,466.82135009765625,153.51376342773438,0.0560755729675293,2.8886098861694336,68.30707550048828,-0.17791733145713806,1.4693316265738057,nan,1.672447919845581,3.5
472,466.8228454589844,153.51861572265625,0.05723272264003754,2.8943471908569336,68.32522583007812,-0.1661987453699112,1.516637507473352,nan,1.6773213148117065,3.5
473,466.8245544433594,153.52427673339844,0.05842649191617966,2.900221109390259,68.34581756591797,-0.154266357421875,1.649417234870248,nan,1.6830202341079712,3.5
474,466.826171875,153.52967834472656,0.059426020830869675,2.9044010639190674,68.36380004882812,-0.1441345065832138,1.762755823077269,nan,1.6884381771087646,3.5
475,466.82818603515625,153.53639221191406,0.06053716689348221,2.9090046882629395,68.38825225830078,-0.1332092434167862,1.8119551850177,nan,1.6951872110366821,3.5
476,466.8301696777344,153.5428924560547,0.061503540724515915,2.9123787879943848,68.41287231445312,-0.12408454716205597,1.8827882873822042,nan,1.7017028331756592,3.5
477,466.8316345214844,153.54612731933594,0.06190831959247589,2.915548086166382,68.44207763671875,-0.11920169740915298,0.19400472442528857,nan,1.7049503326416016,3.5
478,466.8321228027344,153.54595947265625,0.061844807118177414,2.9197213649749756,68.45183563232422,-0.1164550632238388,0.08093238273959465,nan,1.7047802209854126,3.5
479,466.8323974609375,153.54600524902344,0.06186601519584656,2.9206433296203613,68.45731353759766,-0.11065657436847687,0.06429197299097379,nan,1.7048267126083374,3.5
480,466.8324890136719,153.54598999023438,0.06200723350048065,2.919250011444092,68.45698547363281,-0.10577408969402313,0.04034923796518254,nan,1.7048166990280151,3.5
481,466.83258056640625,153.54592895507812,0.06214956194162369,2.917057514190674,68.4580307006836,-0.1002197116613388,0.03382702817038032,nan,1.7047609090805054,3.5
482,466.8326416015625,153.54588317871094,0.0623185895383358,2.915466070175171,68.45979309082031,-0.09585560858249664,0.04907059197152744,nan,1.7047213315963745,3.5
483,466.8327941894531,153.54583740234375,0.06252477318048477,2.914168357849121,68.45957946777344,-0.08877581357955933,0.044106190142732066,nan,1.7046831846237183,3.5
484,466.8329162597656,153.5457000732422,0.06281770765781403,2.9135468006134033,68.46434020996094,-0.0828857496380806,0.08762974129760108,nan,1.7045565843582153,3.5
485,466.8330078125,153.54566955566406,0.0630866065621376,2.9090936183929443,68.46527099609375,-0.0740356370806694,0.05518209043065922,nan,1.70452082157135,3.5
486,466.8331604003906,153.54559326171875,0.06326688826084137,2.904981851577759,68.46910095214844,-0.07196047902107239,0.06845398580376666,nan,1.704451322555542,3.5
487,466.8332214355469,153.54556274414062,0.06348329037427902,2.9007675647735596,68.46356201171875,-0.06838995963335037,0.0655234289581635,nan,1.704428791999817,3.5
488,466.83343505859375,153.54544067382812,0.06364893168210983,2.898861885070801,68.46551513671875,-0.06631486862897873,0.07201760571564653,nan,1.704313039779663,3.5
489,466.8334655761719,153.54537963867188,0.06395639479160309,2.8972432613372803,68.46670532226562,-0.06295770406723022,0.07423166391176561,nan,1.70426344871521,3.5
490,466.8336181640625,153.54537963867188,0.06414094567298889,2.893548011779785,68.47055053710938,-0.0591125413775444,0.06074965717498543,nan,1.7042704820632935,3.5
491,466.833740234375,153.5453338623047,0.06432546675205231,2.8916561603546143,68.47100067138672,-0.05499264597892761,0.059242675252985495,nan,1.7042316198349,3.5
492,466.8338317871094,153.54525756835938,0.06450643390417099,2.8893747329711914,68.47510528564453,-0.0509641095995903,0.04854078945959244,nan,1.7041622400283813,3.5
493,466.8338928222656,153.54486083984375,0.06470426172018051,2.8860280513763428,68.4687271118164,-0.049255307763814926,0.15390028698716982,nan,1.7037732601165771,3.5
494,466.8340759277344,153.5452117919922,0.06496953964233398,2.8875374794006348,68.46377563476562,-0.046325989067554474,0.09281664918087738,nan,1.7041341066360474,3.5
495,466.83416748046875,153.54525756835938,0.06516137719154358,2.885187864303589,68.46544647216797,-0.0418396033346653,0.043015028852392036,nan,1.7041871547698975,3.5
496,466.8342590332031,153.545166015625,0.06528764218091965,2.8847849369049072,68.46544647216797,-0.03833029046654701,0.05738948281658282,nan,1.704100489616394,3.5
497,466.83441162109375,153.545166015625,0.06542577594518661,2.8818752765655518,68.46910095214844,-0.03616335242986679,0.03945377501415011,nan,1.7041058540344238,3.5
498,466.83447265625,153.5451202392578,0.06552812457084656,2.8803110122680664,68.47040557861328,-0.032073892652988434,0.038833063323139495,nan,1.7040640115737915,3.5
499,466.8346252441406,153.5450897216797,0.06562963128089905,2.8779683113098145,68.46524810791016,-0.03237922489643097,0.04807045673253537,nan,1.7040374279022217,3.5
500,466.8348083496094,153.5450897216797,0.06572747975587845,2.876028537750244,68.468505859375,-0.030242789536714554,0.03202915518242746,nan,1.7040412425994873,3.5
501,466.8348388671875,153.5450439453125,0.0657920241355896,2.8750927448272705,68.47025299072266,-0.027557361871004105,0.025622429800791366,nan,1.7039979696273804,3.5
502,466.8349609375,153.54489135742188,0.0658937618136406,2.874464511871338,68.48579406738281,-0.027130242437124252,0.03884655757136676,nan,1.7038494348526,3.5
503,466.8350524902344,153.54481506347656,0.06597840785980225,2.8730437755584717,68.49143981933594,-0.021545376628637314,0.03965395444422715,nan,1.703776478767395,3.5
504,466.8351135253906,153.5447998046875,0.06604737788438797,2.8733034133911133,68.4909439086914,-0.01367190945893526,0.022268697503718224,nan,1.7037639617919922,3.5
505,466.8352355957031,153.54473876953125,0.06613385677337646,2.8717801570892334,68.49478912353516,-0.010315120220184326,0.025756394912601756,nan,1.7037062644958496,3.5
506,466.83538818359375,153.544677734375,0.0662025660276413,2.870912790298462,68.49580383300781,-0.00900260265916586,0.032490255046492535,nan,1.7036479711532593,3.5
507,466.8354187011719,153.544677734375,0.0662747398018837,2.8699018955230713,68.49691772460938,-0.005828872323036194,0.01642268680344724,nan,1.7036508321762085,3.5
508,466.83551025390625,153.54464721679688,0.06633901596069336,2.8688979148864746,68.49016571044922,-0.004241954535245895,0.03323417590589812,nan,1.703622817993164,3.5
509,466.8356018066406,153.54466247558594,0.06642396748065948,2.8685495853424072,68.4960708618164,-0.0033264143858104944,0.019258689385228563,nan,1.7036412954330444,3.5
510,466.835693359375,153.54461669921875,0.06651677936315536,2.867067337036133,68.49740600585938,0.00011839584476547316,0.023477399572824718,nan,1.703599214553833,3.5
511,466.8357849121094,153.54457092285156,0.06657198071479797,2.866083860397339,68.49929809570312,0.0016973973251879215,0.015860803609447742,nan,1.7035555839538574,3.5
512,466.83587646484375,153.5445556640625,0.06661386042833328,2.864731550216675,68.50208282470703,0.0005405806587077677,0.041531001458449804,nan,1.7035419940948486,3.5
513,466.8359375,153.54457092285156,0.06668752431869507,2.8645195960998535,68.49909210205078,-0.0005492358468472958,0.03016301683300324,nan,1.7035601139068604,3.5
514,466.8359680175781,153.5445556640625,0.06671586632728577,2.864342212677002,68.49994659423828,0.0015847694594413042,0.007929260565443933,nan,1.7035459280014038,3.5
515,466.8360900878906,153.54452514648438,0.06676793843507767,2.8629214763641357,68.50067138671875,0.00370391714386642,0.02493355617074062,nan,1.7035175561904907,3.5
516,466.8362121582031,153.5445098876953,0.06677202135324478,2.862982988357544,68.50364685058594,0.004326455295085907,0.01759382865223513,nan,1.7035022974014282,3.5
517,466.8362731933594,153.5443115234375,0.06677331775426865,2.862743854522705,68.50222778320312,0.004380522761493921,0.0933085769180227,nan,1.7033040523529053,3.5
518,466.83636474609375,153.54443359375,0.0668446496129036,2.86454701423645,68.50572967529297,0.0031614184845238924,0.052405510694111944,nan,1.703428864479065,3.5
519,466.83642578125,153.54449462890625,0.06688142567873001,2.8645401000976562,68.50653839111328,0.006761905271559954,0.007609755377299094,nan,1.7034915685653687,3.5
520,466.8365173339844,153.54434204101562,0.06690217554569244,2.8639869689941406,68.50582122802734,0.007192742545157671,0.06946808442187492,nan,1.703339695930481,3.5
521,466.836669921875,153.54444885253906,0.06694066524505615,2.864423990249634,68.5105209350586,0.006228376179933548,0.03728569594585744,nan,1.7034326791763306,3.5
522,466.8368225097656,153.54440307617188,0.06689611077308655,2.8655784130096436,68.50093078613281,0.00568064209073782,0.038882396767194925,nan,1.7033852338790894,3.5
523,466.83697509765625,153.54446411132812,0.06691808253526688,2.8665618896484375,68.51029205322266,0.0037978547625243664,0.059566064161614425,nan,1.7034471035003662,3.5
524,466.8370666503906,153.5444793701172,0.06693857163190842,2.8666439056396484,68.51165771484375,0.00605656486004591,0.010725302535183142,nan,1.7034631967544556,3.5
525,466.83709716796875,153.54446411132812,0.06696279346942902,2.8666164875030518,68.51242065429688,0.008450232446193695,0.0029425538662561186,nan,1.70344877243042,3.5
526,466.8372497558594,153.54443359375,0.0669613853096962,2.8661043643951416,68.51632690429688,0.006105074193328619,0.04280828114121823,nan,1.7034183740615845,3.5
527,466.83734130859375,153.54432678222656,0.06698846817016602,2.8670947551727295,68.51878356933594,0.00452842703089118,0.039151873723099126,nan,1.7033127546310425,3.5
528,466.8374938964844,153.5443878173828,0.06698648631572723,2.867190361022949,68.5226058959961,0.004719592165201902,0.05889968546737121,nan,1.7033735513687134,3.5
529,466.8376159667969,153.54443359375,0.06702138483524323,2.8663365840911865,68.516845703125,0.004024601075798273,0.0463710514244725,nan,1.703420639038086,3.5
530,466.8377380371094,153.54441833496094,0.06702424585819244,2.867210865020752,68.52011108398438,0.0042771040461957455,0.02240078676835316,nan,1.703405499458313,3.5
531,466.8377990722656,153.54440307617188,0.06703680008649826,2.8676888942718506,68.52181243896484,0.004904774948954582,0.029934001346483368,nan,1.7033907175064087,3.5
532,466.837890625,153.5442657470703,0.06707406789064407,2.8692121505737305,68.52537536621094,0.0040891519747674465,0.03869912879546254,nan,1.7032550573349,3.5
533,466.8380432128906,153.5443878173828,0.06702470779418945,2.87180757522583,68.52873229980469,0.0039579421281814575,0.015850181383706564,nan,1.703374981880188,3.5
534,466.8381042480469,153.54440307617188,0.06703439354896545,2.8728115558624268,68.52928924560547,0.008923329412937164,0.005662486325564818,nan,1.7033907175064087,3.5
535,466.8382263183594,153.5443572998047,0.06706998497247696,2.8715412616729736,68.53054809570312,0.011300436221063137,0.026622818683660704,nan,1.7033462524414062,3.5
536,466.8383483886719,153.54432678222656,0.0670846700668335,2.8713088035583496,68.53379821777344,0.011848924681544304,0.027336723910926442,nan,1.703316330909729,3.5
537,466.83843994140625,153.5443115234375,0.06711377948522568,2.87121319770813,68.5347671508789,0.014322424307465553,0.005483686326328772,nan,1.703302264213562,3.5
538,466.83843994140625,153.5442352294922,0.06716673076152802,2.8709468841552734,68.5406723022461,0.016654761508107185,0.028798938899759048,nan,1.7032281160354614,3.5
539,466.8385009765625,153.54421997070312,0.06720392405986786,2.8701956272125244,68.54238891601562,0.01740829460322857,0.020370691262911352,nan,1.703214406967163,3.5
540,466.8386535644531,153.544189453125,0.0672033503651619,2.870216131210327,68.53697204589844,0.01668018288910389,0.03888769584533672,nan,1.703183889389038,3.5
541,466.8387756347656,153.54421997070312,0.06722791492938995,2.8707761764526367,68.54344177246094,0.015563440509140491,0.024661800629211878,nan,1.7032153606414795,3.5
542,466.83880615234375,153.54415893554688,0.06724946945905685,2.8712475299835205,68.5486068725586,0.015837959945201874,0.04325970532366361,nan,1.7031551599502563,3.5
543,466.8388671875,153.54417419433594,0.06726174801588058,2.8714523315429688,68.5494155883789,0.017853476107120514,0.008065707939047205,nan,1.703170895576477,3.5
544,466.8389587402344,153.54415893554688,0.06722600758075714,2.873098373413086,68.55255889892578,0.018006199970841408,0.017443500117796405,nan,1.70315420627594,3.5
545,466.83905029296875,153.54415893554688,0.06722772121429443,2.8741981983184814,68.55467987060547,0.017735444009304047,0.0355991199080111,nan,1.703154444694519,3.5
546,466.83905029296875,153.54405212402344,0.06722165644168854,2.8750381469726562,68.55935668945312,0.019596250727772713,0.06171578788554353,nan,1.703047275543213,3.5
547,466.83917236328125,153.5441131591797,0.06721784174442291,2.875454902648926,68.56165313720703,0.02087222971022129,0.0437257993632191,nan,1.7031081914901733,3.5
548,466.8392028808594,153.54409790039062,0.0672483965754509,2.875502586364746,68.56147003173828,0.020403023809194565,0.05971781952731629,nan,1.7030941247940063,3.5
549,466.8393249511719,153.5441131591797,0.0672667846083641,2.8751816749572754,68.56354522705078,0.020970424637198448,0.02014181797556033,nan,1.7031100988388062,3.5
550,466.8393249511719,153.5440216064453,0.067288838326931,2.875454902648926,68.56842803955078,0.02247571386396885,0.04578165876629083,nan,1.7030194997787476,3.5
551,466.8394470214844,153.54403686523438,0.06726431101560593,2.8763632774353027,68.57081604003906,0.023594943806529045,0.03714643203110966,nan,1.7030338048934937,3.5
552,466.8394470214844,153.5438232421875,0.06727365404367447,2.8775858879089355,68.57231903076172,0.022647153586149216,0.014847089457656285,nan,1.7028206586837769,3.5
553,466.839599609375,153.5440216064453,0.06728994101285934,2.8793275356292725,68.57296752929688,0.023394117131829262,0.08736537592676806,nan,1.703019618988037,3.5
554,466.8396911621094,153.54405212402344,0.06730741262435913,2.879593849182129,68.57292175292969,0.023444131016731262,0.05245452712229533,nan,1.7030506134033203,3.5
555,466.8396911621094,153.54396057128906,0.06730730086565018,2.880488634109497,68.57737731933594,0.025335298851132393,0.0588691968548435,nan,1.7029592990875244,3.5
556,466.8397216796875,153.54400634765625,0.06732995808124542,2.880331516265869,68.57862091064453,0.02699275128543377,0.0222720090621793,nan,1.7030059099197388,3.5
557,466.83978271484375,153.5438232421875,0.0673016905784607,2.8815269470214844,68.57569122314453,0.02669849619269371,0.11272599163667912,nan,1.7028217315673828,3.5
558,466.8398742675781,153.5438995361328,0.0673481896519661,2.882974863052368,68.5805892944336,0.024040354415774345,0.027870756745489507,nan,1.7028998136520386,3.5
559,466.8399963378906,153.54400634765625,0.06736227124929428,2.882974863052368,68.58238220214844,0.025468284264206886,0.03222258756179874,nan,1.7030071020126343,3.5
560,466.8401184082031,153.54397583007812,0.06735017895698547,2.883002281188965,68.5778579711914,0.024166127666831017,0.03373779822678347,nan,1.7029762268066406,3.5
561,466.8402099609375,153.54400634765625,0.0673719197511673,2.8834939002990723,68.58438110351562,0.02322985604405403,0.020884105602928603,nan,1.7030075788497925,3.5
562,466.8402099609375,153.54400634765625,0.0673864558339119,2.8842520713806152,68.58724975585938,0.02387731708586216,0.022051251232084044,nan,1.7030080556869507,3.5
563,466.84039306640625,153.54380798339844,0.06731275469064713,2.8871822357177734,68.59110260009766,0.02029316872358322,0.08963579863537126,nan,1.702791690826416,3.5
564,466.8405456542969,153.5440216064453,0.06733114272356033,2.887899398803711,68.58956909179688,0.01836526207625866,0.054782721455586575,nan,1.7030059099197388,3.5
565,466.8406677246094,153.5440216064453,0.06732000410556793,2.887892723083496,68.59319305419922,0.017197949811816216,0.018942246343285087,nan,1.7030055522918701,3.5
566,466.8407287597656,153.54397583007812,0.06732335686683655,2.8884799480438232,68.5974349975586,0.016585880890488625,0.0665127493658266,nan,1.7029598951339722,3.5
567,466.8408203125,153.54391479492188,0.06733155995607376,2.8886165618896484,68.60029602050781,0.016181427985429764,0.08906427872052892,nan,1.7028992176055908,3.5
568,466.84088134765625,153.5440216064453,0.06737882643938065,2.887981414794922,68.59294128417969,0.016588011756539345,0.045242498426429884,nan,1.7030078172683716,3.5
569,466.84112548828125,153.54400634765625,0.06731698662042618,2.8889787197113037,68.59855651855469,0.014294222928583622,0.05890363160621224,nan,1.702990174293518,3.5
570,466.8411560058594,153.54383850097656,0.06736470758914948,2.8890674114227295,68.59455108642578,0.013493218459188938,0.06692281238669961,nan,1.7028242349624634,3.5
571,466.8411865234375,153.5439453125,0.06743581593036652,2.8884458541870117,68.60205841064453,0.016495585441589355,0.0330292846918104,nan,1.7029337882995605,3.5
572,466.8414001464844,153.54383850097656,0.0674513429403305,2.8897299766540527,68.60428619384766,0.017404215410351753,0.05807560908882141,nan,1.7028276920318604,3.5
573,466.8415832519531,153.54391479492188,0.06747934222221375,2.889791488647461,68.60324096679688,0.017740601673722267,0.06882423542879336,nan,1.7029050588607788,3.5
574,466.8416748046875,153.5439453125,0.06755941361188889,2.891150712966919,68.60475158691406,0.021108780056238174,0.019404590654184248,nan,1.7029386758804321,3.5
575,466.841796875,153.5438690185547,0.06758806109428406,2.8903651237487793,68.60729217529297,0.018337517976760864,0.04127287676619851,nan,1.7028635740280151,3.5
576,466.8420104980469,153.54391479492188,0.06753431260585785,2.8915536403656006,68.61267852783203,0.017676621675491333,0.06645482062257828,nan,1.7029072046279907,3.5
577,466.8420104980469,153.5438690185547,0.06758489459753036,2.889641046524048,68.60767364501953,0.01807442121207714,0.10779368762831926,nan,1.7028634548187256,3.5
578,466.8420104980469,153.543701171875,0.06762757897377014,2.890085220336914,68.61186981201172,0.01845366694033146,0.10090939094833178,nan,1.702697515487671,3.5
579,466.8421325683594,153.54383850097656,0.06765096634626389,2.8898186683654785,68.61567687988281,0.01974557153880596,0.025334251953793168,nan,1.7028355598449707,3.5
580,466.8421630859375,153.54383850097656,0.06769540905952454,2.888637065887451,68.61677551269531,0.019482681527733803,0.013041458281793277,nan,1.702837347984314,3.5
581,466.84234619140625,153.54380798339844,0.06770212203264236,2.8874759674072266,68.62077331542969,0.015502545982599258,0.039954100880855714,nan,1.7028071880340576,3.5
582,466.8424072265625,153.5437469482422,0.067695252597332,2.887803792953491,68.62744140625,0.016142841428518295,0.021624571395823917,nan,1.7027459144592285,3.5
583,466.842529296875,153.5437469482422,0.0676436796784401,2.889169931411743,68.63011932373047,0.016431696712970734,0.014401603496088397,nan,1.7027438879013062,3.5
584,466.842529296875,153.543701171875,0.06765367090702057,2.889859676361084,68.63506317138672,0.016629286110401154,0.0418980566542944,nan,1.7026984691619873,3.5
585,466.8427734375,153.543701171875,0.067567840218544,2.8915672302246094,68.63988494873047,0.014814117923378944,0.055328303761842626,nan,1.7026951313018799,3.5
586,466.8428039550781,153.54345703125,0.06753446161746979,2.893868923187256,68.63836669921875,0.01298986840993166,0.018339316187335773,nan,1.7024497985839844,3.5
587,466.8429260253906,153.5437469482422,0.0675773024559021,2.8973388671875,68.6356430053711,0.011631205677986145,0.13628995394818325,nan,1.702741265296936,3.5
588,466.84307861328125,153.54379272460938,0.06758257001638412,2.8982949256896973,68.63739776611328,0.00958893820643425,0.04071614604954347,nan,1.702787160873413,3.5
589,466.8431091308594,153.54371643066406,0.06759320944547653,2.8991966247558594,68.64197540283203,0.010010180994868279,0.05770539644501807,nan,1.7027113437652588,3.5
590,466.8431396484375,153.54379272460938,0.06759244948625565,2.8998591899871826,68.64266967773438,0.012586867436766624,0.006735687579365661,nan,1.7027876377105713,3.5
591,466.84326171875,153.5436553955078,0.06756913661956787,2.900357723236084,68.64417266845703,0.009702225215733051,0.06015723740277994,nan,1.7026493549346924,3.5
592,466.8433532714844,153.5436553955078,0.06755693256855011,2.9014573097229004,68.64276885986328,0.010458900593221188,0.06343889384699634,nan,1.7026489973068237,3.5
593,466.8435363769531,153.54376220703125,0.06756803393363953,2.9009928703308105,68.64724731445312,0.009742196649312973,0.02969216258326627,nan,1.7027560472488403,3.5
594,466.8436279296875,153.54376220703125,0.06756414473056793,2.9009997844696045,68.64929962158203,0.009408368729054928,0.035901841451764956,nan,1.7027559280395508,3.5
595,466.84368896484375,153.54376220703125,0.06757676601409912,2.9014573097229004,68.6464614868164,0.010110113769769669,0.06405337718134095,nan,1.702756404876709,3.5
596,466.84375,153.54364013671875,0.0675591453909874,2.901190996170044,68.64535522460938,0.009435620158910751,0.07768695679661114,nan,1.7026337385177612,3.5
597,466.84381103515625,153.54379272460938,0.06760091334581375,2.901853561401367,68.64331817626953,0.009007442742586136,0.05744512415933961,nan,1.7027878761291504,3.5
598,466.8439025878906,153.5438232421875,0.06756196916103363,2.9034109115600586,68.64451599121094,0.011396285146474838,0.009093536509321716,nan,1.7028168439865112,3.5
599,466.8439025878906,153.5436553955078,0.06758169084787369,2.9043123722076416,68.64958953857422,0.012368817813694477,0.04050944689269486,nan,1.7026499509811401,3.5
600,466.84405517578125,153.5437469482422,0.0676131621003151,2.90474271774292,68.6556625366211,0.010804833844304085,0.020691088727173828,nan,1.7027426958084106,3.5
